0.237443,0.237184
-0.371796,-0.450706
0.171426,-0.332682
-0.424924,0.208696
-0.175047,0.123625
-0.44894,-0.157079
-0.0723458,0.292434
0.421397,0.32199
0.0260221,-0.191205
0.418034,0.37995
0.0251764,0.452855
0.187667,-0.459565
0.44499,0.473819
0.0694157,0.0784781
-0.0930509,0.390837
-0.133466,-0.464488
0.0590746,-0.110732
-0.314449,-0.385887
-0.41655,0.403361
-0.413404,-0.320087
-0.377683,-0.0255423
0.081286,-0.453013
0.0240214,-0.0107421
-0.0595897,0.497771
-0.344841,0.000746516
-0.328735,0.234177
-0.148289,-0.424866
-0.380744,0.418924
-0.437684,-0.307761
0.215085,0.220453
-0.475821,0.500695
0.152098,0.250087
-0.483993,0.106777
-0.102142,-0.494203
0.346161,-0.426516
-0.0346028,0.219329
0.0415455,-0.0984085
-0.124133,0.0246565
-0.13772,-0.204926
0.268956,-0.226926
0.0433163,0.277524
-0.109837,0.301118
-0.397086,0.35736
0.308721,0.17548
0.299494,-0.296003
-0.404682,0.316352
-0.157312,0.359931
-0.459686,0.208796
-0.0857649,0.1595
0.0294011,-0.030459
0.191842,0.369784
0.417808,-0.336922
-0.424263,-0.292338
-0.206692,0.00859394
0.268172,0.389877
0.329586,0.00056005
0.0387629,-0.0392755
-0.446163,0.107321
-0.0857011,0.356642
-0.0198935,-0.122923
-0.212947,0.422231
0.418952,-0.465825
-0.136039,-0.384562
0.395562,-0.439632
0.089166,0.118509
-0.253873,-0.16994
0.138016,0.0338052
0.19494,-0.247025
-0.0912848,-0.03539
-0.248595,0.234037
0.483642,0.489659
-0.0916831,0.494972
0.472456,0.0260899
0.275814,-0.385071
0.0765714,0.212139
0.481036,-0.313883
-0.0618661,0.16299
-0.257205,-0.16855
-0.274706,-0.280825
-0.0755647,-0.265461
-0.31733,0.173205
0.110789,-0.50066
-0.12354,-0.216535
-0.397607,-0.492502
0.15339,-0.469641
-0.0428382,-0.444673
-0.408533,0.450762
0.000492244,-0.194726
-0.226179,0.0597617
0.387358,0.329418
-0.337279,-0.00823159
0.218321,0.460077
0.224891,-0.129535
-0.0698985,0.365663
0.373083,0.484041
-0.454072,0.279886
-0.106998,-0.472638
0.349303,0.384562
0.0940135,0.489881
0.157329,0.360886
0.089325,-0.232434
-0.278542,0.366361
-0.421462,0.310302
-0.119927,-0.262246
0.0720967,0.223169
-0.143053,0.102197
0.424571,-0.464859
0.162175,-0.0772031
-0.383418,-0.0786762
-0.462218,0.373775
0.111763,-0.147987
-0.442354,-0.293217
-0.353831,-0.089945
-0.446869,0.155603
-0.0799702,0.499025
0.410049,-0.241748
-0.125235,-0.0371268
0.105832,0.496778
0.262573,0.487315
0.0151131,0.398773
0.390651,-0.385364
-0.380968,0.138359
-0.198331,0.278947
0.176254,-0.402097
-0.245394,-0.145842
0.0538184,-0.0337311
-0.196926,0.470431
-0.0951131,0.145336
-0.165996,-0.181509
-0.350349,0.129619
-0.171969,0.306426
0.0166358,-0.0486533
0.113586,-0.222077
-0.23411,0.179447
-0.0560113,0.257737
-0.127146,0.139266
0.461252,0.23456
0.451787,-0.169468
0.290014,-0.396297
0.488305,-0.000283405
0.134221,0.143988
0.442506,-0.106125
0.410267,-0.210721
0.422864,0.0793996
0.339013,-0.114647
-0.228438,-0.017994
0.111309,0.389892
-0.22606,0.185558
0.410968,0.345533
-0.351963,-0.293227
0.147906,-0.057166
0.0450761,-0.148533
-0.455644,-0.0179639
-0.275929,-0.248862
-0.0580575,-0.172942
0.150497,0.151608
0.318779,-7.45894e-05
0.292738,0.287365
0.182605,-0.439196
-0.236946,0.0347375
0.485036,0.255954
-0.418806,0.413499
0.254767,0.100764
0.393523,0.0378486
0.396956,-0.076635
0.208014,-0.452436
0.109431,0.342964
-0.110558,0.285243
-0.269795,-0.304013
-0.164468,-0.185902
0.0649038,-0.0660741
0.462546,-0.476783
0.0134046,0.0607871
-0.0494348,0.494385
0.309257,-0.287967
0.341121,-0.0452004
-0.38127,-0.489759
0.330495,0.499351
-0.493241,0.410492
-0.37933,0.317551
0.238418,-0.448703
0.390368,0.152186
0.283492,-0.186859
0.0835585,-0.300521
-0.267023,-0.145489
0.459809,-0.211581
-0.142788,-0.0522281
-0.0273126,-0.311565
-0.228937,0.00514038
-0.261436,-0.392999
-0.362731,0.43276
0.115775,0.0900152
-0.0842645,-0.323922
-0.279534,0.286154
-0.30401,0.436946
-0.125548,0.324087
-0.292011,-0.35496
0.118125,0.0512749
0.0229759,0.286676
-0.357848,0.10777
0.0173735,-0.192209
-0.00881007,-0.0693474
0.126335,0.196001
0.328974,-0.00950249
0.350122,-0.36595
0.194125,-0.0705777
0.292249,0.218803
0.249476,0.21444
-0.117552,-0.224802
0.389684,-0.367899
-0.198444,0.167158
0.411249,0.367062
0.324839,0.194676
0.0456381,-0.445985
-0.0549259,0.126045
0.491427,-0.303617
-0.449999,-0.4724
-0.459122,-0.135947
0.118994,-0.347726
-0.0853517,0.0615639
0.276286,0.118485
0.223519,0.278336
0.21209,0.21532
-0.120622,0.160707
0.4462,0.367005
-0.397777,0.261021
0.149882,-0.01586
-0.251405,0.296258
-0.406475,-0.363524
0.105292,0.130956
0.317139,0.317692
-0.360895,0.100224
0.462992,-0.373975
0.369357,-0.0231094
-0.0287232,-0.0441483
-0.0714027,0.0743013
-0.0373016,0.271756
-0.469612,0.364872
0.4363,0.456744
0.239968,0.465372
0.482452,-0.437022
-0.194875,-0.300444
0.135319,-0.329896
0.388684,-0.0507758
-0.0593789,-0.3171
0.225524,0.202771
-0.326522,-0.400204
0.328742,0.0588357
0.226489,-0.423969
0.458918,0.356456
0.466267,-0.316521
0.450793,-0.216562
-0.119536,0.413831
0.45972,0.345379
0.0522996,-0.28427
0.0529556,-0.109376
0.140008,-0.00910008
0.422491,0.0396975
0.143097,-0.113554
0.151041,0.360435
-0.173861,-0.0830064
-0.251488,0.0272778
-0.37593,0.378104
0.175125,0.298572
-0.209871,0.0358512
-0.110943,0.405817
-0.090288,0.075058
-0.333375,0.170766
0.121564,-0.3677
-0.359184,-0.487408
-0.163333,0.277581
0.462176,-0.299691
0.09212,-0.28436
0.152542,0.477477
0.274069,-0.43477
-0.343518,-0.241255
0.142319,0.192199
-0.32263,0.101188
0.2508,0.0100346
0.298428,0.313434
-0.140862,-0.281902
-0.205997,-0.289729
0.385369,-0.362909
0.0281958,-0.0144695
0.0122678,0.203869
-0.390855,-0.472773
0.424858,0.15449
-0.089237,-0.173419
0.401545,-0.356059
-0.066404,-0.459389
0.489074,-0.458381
-0.442052,-0.08095
0.128965,0.028905
-0.285204,-0.177959
-0.393532,0.0933668
0.442153,0.488033
-0.264856,-0.0802496
0.21837,0.498897
0.388408,0.477005
0.0504299,-0.105043
0.478887,0.0562176
-0.164756,-0.0621437
0.321935,0.0213693
0.35009,0.203659
-0.0462941,-0.154296
-0.0597194,-0.208289
-0.429996,-0.0714412
0.129569,-0.46543
0.28276,0.351647
-0.138561,0.21247
-0.48159,0.220878
0.239704,0.13266
-0.287913,0.459185
0.223666,-0.440791
-0.146146,-0.0189391
0.0718108,-0.0507113
0.466288,0.357719
0.406248,0.304343
-0.173338,-0.162976
-0.26271,-0.468397
-0.351022,-0.0743559
-0.0331343,-0.0981998
0.0434278,-0.207797
0.472319,0.462763
-0.392236,-0.050748
0.422948,0.0440369
0.313353,-0.368787
-0.187853,0.138888
-0.272376,-0.00741953
-0.336882,0.45369
0.0189512,0.0024585
-0.147855,0.295249
0.0480156,0.271412
-0.465355,0.108753
-0.399654,-0.147189
-0.347574,-0.377488
0.212389,0.0049878
-0.263935,-0.216797
-0.0295562,0.464405
-0.168888,-0.0378336
-0.0124621,-0.0320085
-0.187476,0.258061
0.308183,0.421215
-0.0367012,-0.133916
-0.26759,-0.389715
0.480307,-0.324648
0.491652,-0.159318
-0.481355,0.308345
0.2899,0.131395
0.0111624,-0.190713
-0.0819239,-0.295878
0.209095,0.108595
0.193319,0.270677
-0.293575,0.450059
0.0222441,-0.0190401
-0.160462,0.0588075
-0.227995,-0.170772
-0.468668,-0.248852
-0.104069,0.0151571
0.203762,0.0160898
0.0934012,-0.428941
0.307129,-0.262446
0.0218674,-0.143052
-0.157068,0.160022
-0.432797,0.0483328
-0.0202206,-0.448959
0.303557,0.387401
-0.153062,0.163231
-0.11872,-0.397131
-0.0178053,-0.0869735
0.397352,-0.0393078
0.211477,-0.475196
0.457359,-0.0876388
0.138747,-0.272417
0.00313601,0.466006
-0.285086,0.322714
-0.451602,0.268283
-0.376417,0.308481
-0.245933,-0.148244
0.24612,-0.233106
-0.426502,0.294112
0.16302,0.462154
0.467041,-0.222947
-0.273997,-0.127189
-0.246057,0.24353
0.240135,-0.443136
-0.0763369,0.308892
0.332853,-0.227913
0.439613,-0.430203
-0.252877,0.14611
0.0792438,-0.129515
-0.313486,0.218554
0.345953,-0.194061
0.29127,-0.313983
-0.309289,-0.0711832
0.415599,0.066562
0.000425016,-0.493792
-0.345764,0.0917815
0.207849,-0.236969
0.271489,0.450278
-0.368785,-0.00464983
0.356549,-0.416755
-0.136138,0.48658
0.260412,0.414225
-0.291952,-0.212672
-0.459424,-0.115972
0.231357,-0.220225
0.23636,0.350432
0.0826994,0.375169
-0.362614,0.0792198
-0.247792,-0.475446
0.26269,-0.270515
0.2513,0.152671
0.00597684,-0.16675
-0.433267,0.441722
0.0767798,-0.0434568
0.344964,-0.387485
0.0976816,0.21228
-0.135196,-0.285638
0.443351,-0.398174
0.184677,-0.0876106
0.0905919,0.372514
-0.146184,-0.313849
0.0281763,-0.308766
-0.195232,0.0159325
-0.0737651,0.184356
0.160571,-0.0489621
0.340109,0.40016
-0.120372,-0.455644
-0.0661343,0.400832
0.295712,-0.0280868
0.151813,0.410909
0.488541,-0.129595
-0.0347702,-0.0108269
0.283791,-0.13691
-0.360318,0.259076
0.212039,0.00323723
0.386267,0.306474
0.100682,0.0930516
0.194466,-0.482504
0.141132,-0.0705412
-0.0291858,-0.496117
0.26471,0.195384
-0.0408506,0.0519324
0.359079,0.118838
-0.141347,-0.0194576
-0.0663774,0.401918
0.0919487,0.158515
0.414784,-0.341309
0.209371,0.498293
0.13292,-0.0530387
0.471741,0.229584
0.476587,0.194453
-0.381922,0.0394129
0.372277,0.264583
-0.433725,-0.377087
-0.15566,0.231698
-0.389322,-0.443234
-0.484741,-0.0477692
-0.0171772,0.277498
-0.0690987,-0.177656
0.130827,0.236978
0.305829,0.165194
-0.268341,0.158836
0.312605,-0.0113279
0.47665,-0.163329
0.364263,0.222614
-0.22405,-0.00457932
-0.304476,-0.175621
0.360417,-0.403176
0.392774,0.448079
0.448069,-0.264126
-0.236068,-0.115661
-0.374921,0.231824
-0.499229,-0.389386
-0.362982,-0.225457
-0.0560382,-0.331303
-0.492849,0.421477
-0.222494,0.371548
0.486929,0.179489
0.412945,0.103934
0.20021,-0.26091
-0.213889,-0.182064
0.0530807,0.291566
0.462701,-0.283691
0.13366,0.257925
-0.203873,-0.354427
0.321497,0.284665
0.123755,-0.39495
0.436539,0.0714686
-0.440221,-0.170802
0.22708,0.144619
-0.477115,0.168496
-0.215389,-0.0998424
-0.192252,0.212755
0.226993,-0.132254
-0.44422,0.240672
0.242712,-0.244131
-0.0232876,0.155934
0.34398,0.239561
-0.484529,0.339802
0.0235345,-0.0994354
0.398158,0.356735
0.469383,-0.00065253
-0.0174401,-0.0122627
-0.311855,-0.491477
0.0903028,0.0318509
0.176789,0.165201
-0.491183,0.394533
-0.267231,-0.413673
-0.0995375,0.132994
-0.394487,-0.138489
-0.281876,0.365566
-0.14379,0.0412996
-0.314225,0.16238
-0.121595,0.190978
-0.0299563,0.334277
-0.017076,-0.402324
0.218284,-0.28402
0.473357,-0.0378225
-0.143666,0.432494
-0.133502,0.250132
-0.0572949,-0.39703
-0.234268,-0.231675
0.46342,0.141425
0.369421,-0.0241182
-0.174943,0.0305305
0.36432,-0.189305
0.0173625,0.36762
-0.279614,0.291835
0.00448608,0.490209
-0.350153,0.305534
0.259811,0.228628
-0.233981,0.0218477
0.288554,-0.255804
0.354111,-0.444816
-0.197144,0.392622
-0.127156,-0.405976
-0.012589,-0.0397895
-0.465051,0.312094
0.165072,0.167931
0.0691259,-0.00434383
-0.0482275,0.066295
-0.0640206,-0.185353
-0.188063,0.228671
0.430626,0.47846
0.00855405,-0.372873
-0.0219204,0.0382356
-0.220993,0.416314
-0.260782,-0.320661
0.360497,-0.413155
-0.180632,0.0484891
-0.423783,0.428162
-0.391928,0.481039
-0.0152605,-0.323465
-0.454373,0.388746
0.436093,0.398341
0.152919,-0.189088
0.103361,-0.0958288
-0.0820398,-0.297773
-0.208696,0.114292
0.384668,0.232355
0.438281,-0.00301659
0.233666,0.293331
-0.146337,0.276109
-0.254168,-0.0866269
0.121863,-0.222391
-0.296531,0.0509318
0.432208,0.115009
-0.208622,0.374958
-0.000676183,0.23168
0.315735,0.0708192
0.431919,-0.380865
-0.399937,-0.217693
0.254773,-0.463987
0.0608487,0.12198
0.00826672,-0.186309
-0.207862,0.0221879
-0.285348,-0.314348
0.435772,0.0637362
-0.476699,0.467738
-0.10478,-0.212938
-0.375121,-0.0274763
0.196903,-0.428914
0.224541,-0.452286
0.0604925,-0.00829948
0.163377,-0.137893
-0.260554,-0.0050353
0.262695,0.0274385
-0.19362,-0.260323
0.479943,0.0987514
-0.107068,0.0995532
0.349954,-0.471761
0.088367,0.384148
-0.0139722,0.032298
-0.296847,0.417018
-0.421963,-0.0264921
0.269992,-0.128475
0.235809,0.295343
-0.215115,0.0213785
0.263698,-0.375175
0.326984,0.340317
0.0527668,0.423172
-0.155632,0.335901
0.245153,-0.22654
-0.450856,0.194671
-0.127446,-0.0477405
-0.311731,0.472882
-0.175259,-0.0381256
0.329329,-0.0908619
0.480047,-0.365532
0.0586679,-0.352567
-0.276603,0.207452
0.0128641,-0.0686966
0.282166,-0.410552
-0.30125,-0.246901
0.314513,-0.172563
0.210049,-0.384232
-0.393499,0.353671
-0.070125,-0.230225
-0.450104,-0.464224
-0.245878,-0.0534353
0.250414,0.0622722
0.0614527,-0.252544
0.189616,0.0693211
-0.37798,-0.401892
-0.412732,-0.0695541
-0.426993,0.109867
0.490477,0.0791303
-0.282116,0.267151
0.050522,0.373542
-0.225598,0.263224
0.204671,-0.0195221
-0.238339,-0.197717
-0.182095,-0.0478926
-0.337772,0.00523429
-0.0361469,-0.132948
-0.274148,0.0266145
-0.427974,-0.435226
-0.0632667,-0.0858917
0.239429,0.104559
-0.0325247,0.0606618
-0.44188,0.418516
0.112442,0.211539
0.46354,0.389551
0.0454837,0.437189
0.178441,0.0643543
-0.381972,0.0711818
-0.155889,0.372221
-0.452115,0.179003
0.232087,-0.0543719
-0.284032,0.284322
0.0469145,0.418974
0.0885476,0.0279223
-0.23297,0.0118279
0.404818,0.00479218
-0.00765246,0.444722
-0.486625,0.33154
-0.161068,0.386052
0.204987,0.0284969
-0.172265,0.199223
-0.212632,-0.346213
-0.303116,0.352391
0.0346361,0.344035
0.208453,0.299628
0.410891,0.214475
-0.232462,0.0565013
-0.0308467,0.165073
-0.33869,-0.108583
-0.0985129,-0.0842964
0.424491,0.46415
0.103899,-0.297812
0.0291857,-0.101119
0.100251,0.190088
-0.289023,0.294806
-0.0738053,-0.0644746
0.43945,-0.328765
-0.222793,-0.227914
-0.18916,-0.0506036
0.363915,-0.104437
0.410545,-0.433468
-0.171895,-0.330783
-0.236721,-0.469774
0.454789,-0.313016
-0.372692,0.365347
-0.140754,0.481608
-0.472857,-0.363175
-0.470747,-0.449041
0.0301716,-0.17337
-0.222446,0.451823
-0.363288,-0.121701
-0.316016,0.150073
0.13178,-0.0684357
0.41636,0.292876
0.107764,-0.353476
-0.383769,0.179464
0.398354,-0.267591
0.408964,-0.393017
-0.323013,-0.415899
-0.0360811,0.175049
0.223992,0.267359
0.227163,0.237242
-0.106371,0.389973
0.0104418,0.316861
0.0735236,-0.356925
0.392974,-0.351452
0.186933,0.108516
-0.215218,-0.149635
-0.240009,-0.144618
-0.277563,0.363872
0.232028,-0.150299
-0.153814,-0.0833411
-0.146228,-0.0685203
-0.151287,-0.352808
0.355803,0.282107
-0.417246,-0.463305
0.107865,0.0983768
0.434499,-0.183682
0.413061,0.323644
-0.407855,-0.00438393
-0.317271,-0.140743
0.350018,-0.00788827
-0.383966,-0.473279
0.132145,0.238759
0.442238,0.00941064
-0.11853,0.183566
0.238743,-0.0532593
-0.430979,-0.0884352
0.330562,0.136478
0.382673,-0.181499
0.0776982,0.258275
0.0208413,0.227734
0.126123,-0.221959
0.215156,-0.15303
-0.472036,-0.163985
0.468684,-0.00330882
-0.500243,-0.117412
-0.271823,-0.286107
0.187401,0.0287958
0.0168147,-0.390008
-0.132089,0.36546
-0.362074,-0.297115
-0.162138,0.151514
-0.448573,0.419553
0.2671,0.0751962
-0.00635119,-0.234126
-0.27718,-0.458467
0.34144,0.254638
0.385141,-0.129777
-0.0604236,0.00193089
0.391313,0.179576
0.184201,-0.179668
-0.245356,0.460502
-0.449786,-0.0157286
-0.488954,0.155668
-0.268846,0.145277
-0.422809,0.212485
0.24524,-0.078445
0.19769,0.00216614
0.0976547,-0.4922
-0.339815,-0.378754
0.451798,0.479213
-0.326394,-0.274269
-0.0641607,0.495432
-0.0785069,0.181202
0.500057,0.348069
-0.337195,0.267307
-0.33555,0.217926
-0.148442,0.230342
-0.340184,-0.110162
0.324968,-0.0826792
0.429897,-0.356521
0.0170302,0.108696
0.259366,-0.298684
-0.0777503,0.272865
-0.365426,0.0998733
-0.138692,-0.313885
0.469914,0.234191
-0.125059,0.154404
0.0987194,-0.462897
0.46334,0.465515
0.121524,0.413802
-0.132218,0.266902
-0.297537,-0.0436952
-0.325213,0.438147
-0.129475,-0.380854
-0.469423,0.28198
-0.177792,-0.12754
0.451321,-0.204297
-0.478842,-0.0449924
0.16237,0.462777
-0.0944459,0.196081
0.289525,-0.379574
-0.0532627,-0.291548
-0.392807,0.361327
0.404221,-0.144973
-0.0242534,-0.423275
0.178473,0.31206
-0.126304,0.382331
-0.176282,-0.0410502
0.474061,0.429218
-0.441953,0.321602
-0.321517,-0.462409
0.461077,0.425803
-0.415471,0.278322
0.273858,-0.230994
0.491618,-0.431832
0.45021,-0.417653
-0.307283,-0.153729
-0.296796,0.431922
0.247202,-0.0656322
0.492822,-0.186428
-0.18307,-0.448705
-0.147691,-0.214403
0.146089,0.324666
-0.0921045,0.34859
0.151358,-0.386615
0.0946941,-0.332694
0.405308,0.242893
-0.496762,-0.293234
-0.315117,-0.0810658
-0.00514695,-0.288076
-0.436615,0.276838
0.204443,-0.182929
0.0600242,0.166469
0.373036,-0.0059197
0.176748,0.177019
-0.0791833,-0.362768
-0.23397,0.462277
0.148537,0.130169
-0.408093,-0.244776
-0.457605,-0.388333
0.188429,-0.467914
0.342661,0.329725
0.0411835,-0.000790687
0.335516,-0.258752
0.188817,-0.0451017
0.194647,0.0451305
0.421641,0.371254
0.222941,0.225231
0.323055,-0.130704
-0.0389532,0.155106
0.378575,0.385635
-0.114692,0.336383
0.188367,0.278598
0.0284952,-0.210403
-0.0718942,-0.115352
0.293961,-0.230987
-0.0864735,0.312295
0.0272729,-0.23084
0.489508,-0.219047
0.455876,0.417343
-0.284846,-0.345061
0.363391,0.0103693
-0.270892,0.00780142
-0.288715,-0.0221406
-0.160262,0.0953815
-0.300328,-0.0445138
-0.462482,0.224274
0.18127,-0.469789
0.104653,0.0470982
-0.0977924,0.223745
0.0719339,-0.363118
-0.46726,0.0314204
0.0250876,-0.283503
-0.47713,-0.131285
0.486251,-0.19773
0.151937,-0.328233
-0.0240058,0.467321
-0.487438,-0.0826107
0.128728,0.336944
-0.459895,0.0670231
0.100569,0.244855
0.297794,-0.130191
-0.145629,0.420723
-0.439663,0.360373
-0.184317,0.280122
0.175241,0.302278
0.0432892,0.15923
0.134929,-0.0342244
0.499031,-0.00783876
-0.163208,0.27352
0.236963,-0.0665637
0.436718,0.00852583
0.285655,-0.00355724
0.0821666,0.472681
0.309201,-0.374373
0.477636,0.403925
-0.412742,0.145106
0.296403,0.110072
0.101971,-0.340803
0.00375447,-0.148475
0.0801683,0.289182
0.47892,0.142807
-0.392839,0.0134166
0.0758436,0.123561
0.190524,0.141697
0.295663,-0.267868
0.304276,-0.347726
0.169209,0.173332
-0.299135,0.0226387
-0.180034,-0.158808
-0.0569582,0.110673
-0.461437,-0.396534
-0.358791,0.21681
-0.100907,-0.211193
-0.0202357,-0.391619
-0.424341,0.0751352
0.00381232,-0.420088
0.086103,0.269411
0.271626,0.3862
-0.176629,0.0749894
0.349729,0.386784
-0.136565,-0.150053
0.428674,-0.426411
-0.310773,0.117469
-0.00552363,0.274793
-0.186487,-0.294606
0.396156,-0.372725
-0.194632,0.21244
-0.312981,0.0823966
0.186366,-0.0193281
-0.404942,0.388976
0.224422,0.0704603
0.118782,-0.238324
0.476388,-0.370897
0.0134106,0.46975
-0.272973,-0.496197
-0.123293,-0.0197337
0.15923,0.207078
-0.00724058,-0.246475
0.346001,-0.442804
-0.180651,0.320689
-0.0997167,0.138504
0.246021,0.0325994
-0.0536198,-0.390839
0.423093,-0.168988
0.120113,0.139805
0.319731,0.231536
0.418386,-0.435646
-0.210294,0.421799
-0.128779,0.0491434
0.380348,0.337151
-0.0433832,0.26771
-0.440938,-0.493688
0.358165,0.180877
-0.186446,0.367386
0.427254,0.236693
0.423661,-0.0444917
0.316497,0.469164
-0.215281,-0.356538
-0.462535,-0.167029
-0.102229,-0.228061
0.147007,0.0947806
0.434993,0.474854
0.447494,-0.06702
0.358417,-0.254537
0.310809,-0.232494
-0.458752,0.205441
-0.475039,-0.478797
-0.0657749,0.421074
0.29211,-0.37186
-0.443205,-0.500978
-0.174715,-0.265736
0.468428,0.421874
-0.0833767,0.481
0.458904,-0.115131
0.457631,-0.487808
0.436778,-0.426113
-0.291489,0.360873
0.445647,-0.0262623
0.0412823,0.448936
-0.0239218,0.135048
0.321467,0.083372
0.150876,0.00803205
-0.0631587,0.230353
-0.252152,-0.205671
-0.424078,0.313508
-0.2798,0.29819
0.173336,0.0548978
0.370148,0.379373
-0.498713,0.117883
-0.107297,-0.398361
-0.439539,0.00889484
-0.0217949,0.409373
-0.0698278,-0.311682
0.197738,-0.293273
0.0550784,-0.25382
0.347627,0.233103
0.463426,-0.264711
-0.40091,-0.314247
0.49599,0.258754
-0.482739,-0.0765662
-0.226585,0.01804
0.421793,-0.000231941
0.346111,-0.447249
0.487177,-0.061152
-0.389093,-0.154189
0.0303495,-0.172825
0.473916,0.16261
0.0475204,0.39204
-0.317545,-0.325396
0.173892,0.0932859
0.121274,0.363033
0.153407,-0.207725
-0.416053,-0.00250042
0.384153,0.321949
0.173383,-0.320024
-0.411039,-0.251499
-0.286529,0.237208
-0.320759,0.153561
0.463821,-0.120116
0.00837198,0.234972
0.33941,-0.166923
-0.258542,-0.227578
0.0590091,-0.500049
-0.430816,-0.240317
0.0899013,0.494214
-0.265619,-0.223374
-0.238635,-0.412665
0.135475,0.496727
0.415406,-0.114283
-0.297096,0.00391442
0.465501,-0.396248
0.0281349,-0.228056
0.438361,0.36087
-0.147143,0.0105482
0.32486,0.0350145
-0.0160316,-0.344443
0.212143,-0.35436
0.381546,-0.129262
-0.17021,-0.335023
0.317302,-0.150431
0.352948,0.0511358
-0.26944,-0.414982
-0.0163224,-0.0654483
-0.102393,-0.316986
-0.107417,0.43129
0.325668,0.153004
0.233165,-0.159252
0.342532,0.191361
-0.0842414,-0.397412
-0.327788,0.404144
0.325335,-0.371903
0.287517,0.412726
-0.333879,-0.394681
-0.087254,0.48589
0.30125,0.408844
-0.23431,0.212779
-0.0770445,0.18588
0.476288,0.105936
0.326281,-0.373641
0.0839121,-0.346225
-0.22095,0.0198525
-0.298951,-0.404479
0.307223,-0.111664
0.0183974,-0.0837904
0.0832884,-0.0213328
-0.461142,0.18905
-0.313856,-0.437042
0.0334461,0.269088
-0.272128,-0.312846
-0.173562,0.0102106
-0.449406,-0.224117
0.430097,-0.242495
0.0450597,-0.11118
-0.235101,0.0810305
-0.365944,0.177085
0.12271,0.0591844
-0.153946,0.0419691
0.323445,-0.284006
-0.0814145,-0.192133
0.0989084,-0.366903
-0.240253,0.258345
0.22876,0.319915
0.206258,0.424733
-0.432216,-0.223997
0.141783,0.126104
-0.308796,0.0842042
-0.0394229,-0.270852
-0.212195,0.120764
0.14952,0.373802
-0.460347,0.00900182
-0.249555,0.00546709
0.426013,-0.367619
-0.396847,-0.421207
0.163809,0.452752
0.377035,-0.0968792
0.175891,-0.189823
-0.0548354,-0.330178
-0.221943,0.384225
0.010525,-0.0733438
0.0677605,0.275688
0.227005,0.130341
-0.327206,-0.204725
0.43957,0.188483
0.369127,0.180418
0.307136,-0.169592
-0.277581,-0.225644
0.208109,0.443041
0.41114,-0.49998
0.490165,-0.48008
0.15493,-0.148316
0.0955465,-0.273697
-0.110104,-0.41264
0.00712601,0.100403
-0.186717,0.3247
0.448324,-0.256287
0.427179,0.138438
0.289908,0.42629
0.207796,-0.0142485
0.244707,-0.165878
0.345042,-0.0788598
0.261488,-0.281557
0.364226,-0.329852
0.148253,-0.336235
-0.0129278,0.00431093
-0.242482,-0.362379
0.0562434,0.0671829
0.1486,-0.476944
-0.496835,0.407379
0.102589,-0.446297
0.496394,-0.151881
-0.266276,-0.435128
0.171323,0.183644
0.396225,-0.470535
-0.0200356,0.168754
0.231492,-0.271141
0.317914,-0.0451296
-0.318408,-0.23515
-0.462068,-0.0446819
0.175844,-0.254238
0.464999,-0.0457794
0.0699379,0.262617
0.358117,0.140364
0.482063,0.101315
-0.21984,0.465676
-0.00745513,0.0421414
-0.363321,-0.287846
-0.222364,-0.139691
-0.308922,0.0885466
-0.452532,0.35609
0.116067,-0.330998
0.144518,-0.377214
-0.398705,0.0825464
0.383529,-0.178932
0.485061,-0.22551
-0.179407,-0.341488
0.179575,0.135356
0.181395,-0.0401737
-0.335993,-0.282513
-0.261072,-0.258667
-0.0862735,0.166181
-0.358099,0.168777
0.142623,-0.0788149
0.319293,0.402301
0.373015,0.330585
-0.149705,-0.261173
-0.409599,0.414195
-0.473327,0.428892
-0.0190976,-0.311956
0.0485498,-0.403736
-0.0714935,-0.0180779
0.0365931,0.191089
-0.0924155,-0.4706
0.295714,0.0905424
0.222246,0.391935
0.143199,0.23108
0.498787,-0.0813855
0.115503,0.177933
-0.0328502,0.455025
-0.18371,0.450642
-0.471844,0.0900025
-0.264372,-0.40252
-0.451432,-0.291059
-0.309582,0.0306759
-0.265611,-0.381836
0.487834,-0.010424
0.0610967,0.190571
0.1992,-0.162669
0.229273,-0.180104
0.191999,-0.428646
-0.25875,0.33196
-0.286879,0.173169
0.18439,-0.016671
-0.487116,0.38525
0.255342,0.111624
0.165342,0.0554027
-0.0673383,-0.451546
-0.0229803,0.477071
-0.188901,0.0214658
0.394839,0.0216488
0.176075,-0.445979
0.49188,0.184498
-0.416003,-0.136153
-0.00510538,-0.125962
-0.439578,0.225263
-0.215744,-0.343906
0.440299,-0.155216
-0.41167,-0.338949
0.242782,0.28237
-0.475289,-0.228134
0.123956,0.493149
0.207625,-0.096552
-0.0496937,0.0302443
0.399602,-0.223525
0.0556229,0.266502
-0.330479,-0.229795
-0.146921,-0.307561
-0.293172,-0.00858732
-0.314585,-0.382563
-0.0337811,0.297197
-0.456603,-0.16951
-0.0199802,0.300679
0.0110389,0.0416338
0.217078,0.179208
-0.304053,-0.16819
0.0800582,-0.370428
0.035982,-0.431624
0.0756897,-0.439006
0.269717,-0.0535401
-0.28032,0.0947501
0.0855421,-0.472861
0.330797,0.0499612
-0.19662,-0.373306
-0.481017,0.0823476
-0.239853,0.466863
0.138079,0.402668
-0.0840866,0.40247
-0.0634579,-0.131386
-0.170956,-0.220915
0.242147,0.356546
0.217679,-0.346539
-0.0724923,0.0270235
-0.399633,-0.0656551
0.0790857,-0.384264
0.410841,0.240973
0.103734,0.435703
-0.379072,-0.05779
0.283669,-0.0159916
-0.180676,0.0937605
0.00995886,-0.353153
-0.400639,-0.314843
0.284035,0.195045
0.099465,0.253412
0.068693,-0.0588632
0.375215,0.408951
0.444962,0.285342
0.298869,0.486152
0.105884,-0.0464656
0.48588,0.106444
0.188707,0.106982
0.318015,0.342583
-0.153583,0.350021
0.111712,0.196831
-0.0330809,-0.229873
0.171612,-0.393966
-0.341586,-0.277767
-0.283891,0.464943
-0.33323,-0.113527
-0.12896,0.423443
-0.439863,0.447473
-0.00623708,0.0922459
-0.327556,-0.356491
0.225892,-0.182719
-0.143024,0.00950339
0.383126,0.493298
0.415948,0.263374
-0.234827,0.412456
-0.478093,-0.323442
-0.0288114,-0.104051
0.419645,-0.437136
0.133191,-0.336143
-0.0281654,-0.0933105
0.305725,-0.384152
-0.140498,-0.0195931
0.210199,-0.277532
0.266063,-0.224197
0.163401,0.196062
0.44813,0.0527065
0.224183,-0.0674884
-0.45916,0.0359341
-0.310495,-0.324349
-0.240022,-0.292863
0.115272,-0.292678
0.0155898,0.383291
-0.0853549,-0.338234
0.481871,-0.0658698
-0.203166,-0.234861
0.338697,0.220386
-0.331706,-0.20156
-0.0105929,-0.297062
-0.360603,-0.128853
0.145076,0.251592
-0.127451,0.178261
-0.0356902,0.133981
-0.231033,0.148142
-0.272271,-0.0353121
0.0274027,0.425802
0.376484,0.191352
0.43732,-0.219823
-0.451256,-0.117773
-0.32471,-0.262779
0.471798,0.252588
0.387014,-0.0827617
-0.319171,0.155201
0.190721,0.183094
-0.0657647,0.481603
-0.160922,0.464783
-0.086112,0.2982
-0.245019,-0.246504
0.156636,-0.126192
-0.484726,-0.260305
-0.227808,0.404264
-0.435254,0.301017
-0.299319,-0.222499
-0.353335,-0.209929
0.189669,-0.331135
-0.0922905,-0.0336972
-0.109333,0.079631
-0.114174,0.0230468
0.380849,0.152382
-0.474391,-0.26555
0.49905,-0.109536
0.354857,0.24973
-0.419453,-0.226568
0.27136,0.367446
0.292432,-0.287889
0.127434,0.387015
-0.278692,-0.321717
0.397362,-0.398476
0.114853,0.405032
-0.203627,0.171423
0.0168734,0.212612
-0.133474,-0.00982331
-0.0285006,0.191088
0.192106,0.325477
0.173927,0.0800007
0.161953,0.18528
0.341214,0.0381123
0.372596,-0.481519
-0.129339,0.129012
-0.221269,-0.195342
0.187024,0.106749
0.343903,-0.423328
-0.265989,0.250526
-0.30198,-0.29853
0.0812602,-0.0723515
0.144752,0.497052
0.39178,-0.0203292
0.495166,0.379543
0.225835,-0.268741
-0.142603,0.413266
-0.0949529,0.330515
-0.271221,0.380815
-0.174069,0.0639235
-0.499538,0.344344
0.182421,0.380695
0.427544,0.227773
-0.0163426,0.443886
-0.0706999,-0.402826
0.463904,-0.467752
0.238662,0.224694
-0.368276,0.244164
-0.387139,-0.254186
-0.297219,0.0843952
-0.406584,-0.304638
0.447622,-0.483084
-0.259641,-0.170597
0.291647,-0.370303
-0.398,-0.336659
0.0479405,-0.113573
-0.435964,0.262049
-0.371874,-0.381583
-0.119926,0.419614
0.100169,-0.0260175
0.324125,0.105015
0.315752,-0.380884
-0.155577,0.173267
-0.327496,0.238015
-0.218151,-0.149215
0.060302,0.430058
-0.00741776,-0.0477202
0.110533,0.49665
-0.214431,0.193902
0.221313,-0.00691788
-0.0299625,0.375948
0.20107,-0.0642767
-0.0637102,0.228753
-0.0263072,0.159268
-0.119145,-0.387547
-0.450175,0.399339
0.320257,-0.250816
0.493499,-0.363434
0.0839026,0.0453595
-0.124874,-0.473112
-0.165364,0.238515
-0.171697,0.300179
0.214891,-0.269952
-0.463864,0.108091
-0.397335,0.479735
-0.052525,0.336126
0.225467,0.164591
-0.285144,0.00914791
0.311066,0.43284
-0.442199,0.0542744
-0.478101,0.306806
-0.0279864,0.153054
-0.206631,0.440109
-0.463478,-0.18291
-0.212217,0.469094
-0.0287266,-0.144033
0.40019,0.0363281
0.0887,0.205216
-0.294852,-0.333862
-0.288857,-0.336684
-0.44556,0.34001
-0.191781,0.396233
0.164267,-0.465558
-0.41765,0.300009
0.395442,0.289587
-0.240591,0.476777
0.194931,-0.146808
0.33992,-0.264915
0.413624,-0.417515
0.343316,-0.227972
-0.433402,0.0581463
-0.226218,0.149841
0.494882,-0.208492
-0.0404112,0.0861422
-0.473311,0.293873
0.304057,0.160762
-0.196071,-0.47537
-0.429438,-0.275563
-0.0985444,-0.395693
0.0298811,0.204986
-0.170206,0.312277
0.256173,-0.329321
0.483387,0.101333
-0.360051,-0.129065
0.275312,-0.475697
0.389789,0.372751
0.210295,-0.253654
-0.270756,0.334109
-0.300961,-0.208339
-0.384868,-0.152424
0.489904,-0.372598
0.359545,-0.405859
0.351137,0.435344
-0.391169,-0.322208
0.373711,0.151867
-0.199949,-0.22634
-0.155587,0.265263
-0.475263,-0.000819967
0.353273,0.421554
0.00649043,0.254158
0.344597,-0.482074
0.314696,-0.273607
0.203673,-0.28005
-0.25843,0.062124
0.457429,0.271248
0.341381,0.336942
-0.486266,-0.423028
-0.369102,0.411145
-0.322327,0.291564
0.405594,-0.413524
0.171045,0.300165
-0.443109,0.0283463
0.268276,-0.214609
0.241125,0.196131
0.381648,-0.492065
0.13176,0.488963
0.443004,0.0301302
0.174407,-0.341739
0.307927,0.239929
0.303115,-0.0492238
-0.0386811,0.0249973
0.076293,0.364659
-0.253591,0.332606
-0.191837,0.100975
0.124755,-0.286625
-0.46768,-0.0822057
-0.493853,0.262939
0.00348114,0.362226
-0.252721,0.412054
-0.380711,-0.223944
-0.31103,0.26338
0.394052,0.23673
0.343939,-0.0171818
0.353848,0.0666378
-0.392849,-0.0600926
-0.391868,-0.475575
0.477583,0.253388
0.472304,0.28334
-0.444636,0.0430059
0.105072,-0.241038
0.0212314,0.443424
0.451115,0.0980744
0.213647,0.472923
0.0725638,-0.399183
-0.0619818,0.148732
0.188496,-0.0601438
-0.100977,0.340009
-0.0796308,-0.231127
-0.0432508,0.469867
0.181673,0.385889
0.0153474,-0.21548
0.40023,0.475533
0.060032,-0.398423
0.48672,0.0853487
-0.48639,-0.167713
-0.488737,-0.131159
-0.269056,-0.175047
0.201737,-0.281901
-0.129726,-0.227695
-0.0671247,0.376124
-0.411774,0.208638
0.35938,-0.0839545
-0.137895,0.342252
0.458005,0.349482
0.0191121,0.402212
0.29462,0.126373
0.237065,0.09589
-0.125234,0.376273
0.397014,0.168003
0.496098,-0.349267
-0.353257,0.364227
0.186003,0.260466
0.501047,-0.0274859
-0.464746,0.467176
0.217033,-0.0187423
-0.190351,0.349399
-0.141064,0.238686
0.30218,0.217912
0.0829412,0.172638
0.0666152,0.0868567
-0.397752,0.136521
-0.399297,-0.158047
0.40196,0.227258
0.243987,-0.324269
0.0732647,-0.194872
-0.0493915,0.44208
-0.437859,0.38857
0.403297,-0.380763
-0.0808546,-0.0931078
0.41527,-0.381164
0.146895,0.0318538
0.238412,0.0171956
0.0658805,0.0314026
0.396374,-0.262389
0.377131,0.051648
0.426178,0.432462
-0.405345,-0.0544054
-0.103475,-0.143042
0.0238492,-0.289894
-0.433087,0.152609
0.075219,0.0484847
0.230955,0.07506
0.224247,0.119491
0.498282,0.131048
-0.18908,0.0634723
0.209942,0.199527
0.327197,-0.0580137
-0.0678447,0.103683
0.221433,0.482558
0.188249,0.259137
0.0476163,-0.110996
-0.186679,-0.136593
0.0450148,-0.371452
0.0120486,-0.136171
-0.137045,0.083707
0.244077,0.113125
0.255086,0.178306
-0.452783,-0.293308
-0.131283,0.114545
0.332988,-0.129239
0.232153,0.384953
-0.439458,-0.345719
-0.0266264,-0.138456
-0.205588,0.279527
0.0298057,0.208668
-0.42577,-0.0198578
-0.0561365,0.456012
-0.36327,0.369851
-0.124712,0.0798096
-0.393634,0.277441
-0.214555,0.00464957
-0.163037,-0.0880152
-0.200232,-0.185421
0.32535,-0.122296
0.180109,-0.0203062
-0.0910378,-0.212038
-0.243102,-0.457357
-0.0972167,0.321739
-0.0984809,0.489258
-0.00564589,0.0411536
-0.0948918,0.363649
-0.466362,-0.489151
-0.379114,-0.448022
0.284876,-0.40332
0.476099,0.149052
-0.440703,-0.47298
-0.436794,0.059166
-0.489294,0.424488
0.0858951,-0.380808
-0.323201,0.358866
-0.185751,0.367672
-0.16099,0.241773
-0.346932,0.0387687
0.405733,-0.34025
-0.230931,-0.0398446
0.422723,0.345636
0.0916946,0.293281
-0.498101,-0.483742
0.33937,0.17511
0.0991293,-0.0691008
0.325346,0.385125
-0.348413,-0.0380079
-0.371182,-0.0347609
-0.0766107,-0.454507
0.141394,0.0626905
0.173572,-0.223017
-0.0423537,0.0441263
-0.00795991,0.176602
-0.333663,0.462123
0.435156,0.1326
0.146324,-0.327617
-0.141578,-0.164985
-0.0193802,-0.485996
-0.496788,0.0451626
-0.422002,-0.041444
-0.323138,0.154369
-0.194129,-0.0303415
-0.493059,-0.115639
-0.324866,-0.209074
0.125139,0.0724335
0.457596,-0.318271
0.287193,-0.336308
0.455652,-0.404454
-0.484555,0.359448
-0.324066,-0.20652
0.285196,-0.159375
-0.0407842,0.460966
0.363702,-0.228503
-0.481554,0.320603
0.263125,-0.482588
-0.239681,0.239719
0.121034,-0.0546082
-0.035397,-0.324448
0.277169,0.315576
-0.422878,-0.389348
-0.293647,0.212661
-0.2986,-0.386959
-0.118642,-0.3942
-0.42933,0.178161
0.250977,-0.0417618
-0.434132,0.415904
-0.370936,-0.300051
-0.315418,0.222199
-0.425592,0.436399
-0.180447,-0.366177
0.367255,-0.338689
0.380573,-0.0836785
0.427719,-0.324651
-0.404095,0.12393
-0.401329,-0.456314
0.207658,0.439586
0.108675,-0.364327
-0.118144,-0.309674
0.156158,0.170887
-0.125997,0.185825
-0.473067,-0.125293
0.378771,0.0553421
0.0608103,-0.263616
-0.416865,-0.379692
-0.173875,-0.387224
0.398583,0.0624428
-0.293213,0.367334
0.470517,-0.162904
0.361804,-0.0260165
0.207963,0.359159
-0.228343,0.17065
0.140774,-0.0459915
0.421436,-0.206289
-0.135275,0.0359006
-0.298842,0.390673
-0.440107,-0.367981
0.0478583,-0.0977264
-0.470197,0.131652
-0.0896147,0.00136491
-0.0464271,0.418273
-0.238063,-0.286274
0.345555,0.0798809
0.0919556,0.0537259
-0.32294,-0.340541
-0.140605,0.279347
0.197411,0.401678
0.0117749,-0.449277
0.471469,0.0562407
0.346872,-0.228699
-0.426203,0.39545
0.208108,0.494502
0.360102,-0.269133
0.168044,-0.365012
-0.363133,0.314691
-0.476144,-0.351165
0.407112,-0.123989
0.207784,-0.203967
-0.156022,-0.36225
-0.463592,0.0999092
-0.396832,-0.118437
0.0665018,-0.458252
0.443636,-0.17721
0.00823422,0.26862
-0.385904,0.473471
0.157844,0.363991
0.2163,0.139807
-0.277236,-0.0812897
-0.271383,0.301548
-0.354608,-0.11248
-0.203736,0.464531
-0.456091,0.484949
0.0598221,-0.0310567
-0.0913311,-0.308543
-0.249474,-0.152131
0.4547,-0.166423
-0.242199,-0.138025
0.425036,-0.307575
0.191095,-0.268938
0.451214,-0.299114
0.323676,0.279605
0.222551,0.480896
-0.272102,-0.322843
0.139821,-0.0369144
-0.149304,0.0374548
0.279967,0.214228
0.497395,0.411816
-0.267725,0.29569
-0.157203,-0.441581
-0.424192,0.104673
0.434982,-0.433116
0.0978849,-0.196621
-0.269047,0.417829
-0.448243,-0.437575
-0.0510859,-0.406109
-0.467937,-0.426655
0.0118583,0.0584588
0.366153,0.35532
0.298263,0.233802
-0.0240727,0.18268
-0.439458,0.393618
0.275674,-0.479441
0.136013,-0.300867
-0.244143,0.460313
0.40541,0.448145
0.432201,0.391422
-0.122071,0.0185084
0.40599,0.186644
0.115833,-0.417907
0.0321366,0.372085
0.478462,-0.276091
0.0668797,-0.389582
0.394007,-0.285653
-0.141175,-0.395258
0.294671,0.0570443
-0.198446,-0.40849
-0.458046,-0.486523
0.283047,0.25416
-0.0673916,-0.0420817
-0.214271,0.0544625
0.0743917,0.259508
0.194743,-0.451582
-0.165294,-0.307262
0.394941,0.104163
-0.422349,-0.24594
-0.0474386,-0.00464748
0.143456,-0.472418
-0.495707,0.0583964
-0.164252,0.443889
-0.206105,-0.461407
0.45604,-0.0659053
-0.0703308,-0.30718
-0.389778,0.480935
-0.382859,-0.433502
0.146966,0.20922
-0.100318,0.457186
0.185125,-0.320297
-0.293785,-0.489454
-0.0253582,-0.165171
0.405985,-0.182193
-0.361501,0.376235
-0.456812,0.285855
-0.216247,-0.286384
-0.161813,-0.338192
0.10102,-0.128105
0.402933,0.241548
0.425266,0.469554
0.232306,-0.386117
0.0403172,0.0669704
-0.076619,-0.240867
-0.229768,0.454702
0.457351,-0.190491
-0.11025,-0.501175
-0.302414,-0.232231
-0.224157,-0.402682
-0.0894397,-0.37623
0.156693,0.195277
-0.0191457,0.0939809
-0.0080083,0.306317
0.471796,-0.410843
0.0963512,0.390677
-0.331279,0.422638
-0.00731779,0.0996488
-0.379893,-0.311636
0.230424,-0.0019363
0.0805958,0.317708
0.292629,0.181326
-0.473212,0.449035
0.294339,0.181911
-0.447952,-0.0969467
-0.476094,0.244361
0.0803075,0.415369
-0.222876,-0.346359
0.0406893,-0.345377
0.0313668,-0.498477
0.37017,-0.0372369
0.00217577,-0.27552
-0.235433,-0.0975766
-0.335199,0.297716
0.336064,-0.241734
-0.164466,-0.347253
-0.0844229,-0.145765
-0.280411,0.344935
0.166047,-0.189733
-0.00673979,-0.432616
-0.476009,-0.109821
0.393592,-0.149417
-0.120372,-0.475951
-0.161693,0.266885
-0.270638,0.372519
0.239105,0.329481
0.328922,0.221113
-0.460166,0.0779601
-0.306501,-0.174045
-0.165008,-0.45817
-0.447782,0.0544512
-0.114582,-0.208308
-0.243283,-0.117004
-0.364938,0.367002
-0.0789046,-0.0474555
0.317098,-0.491598
0.35516,-0.116721
-0.202312,0.353877
0.0534964,0.0837297
-0.122399,0.38011
0.272222,0.309564
0.0336826,-0.144667
-0.367102,-0.0485068
-0.485439,0.223452
0.437388,-0.317771
-0.366779,0.238663
0.228293,-0.340144
-0.115363,-0.0572419
-0.159205,0.146841
-0.318756,-0.260206
0.3535,-0.0603547
-0.342969,0.328144
-0.277695,-0.443868
-0.213489,-0.342873
0.463438,-0.218454
-0.409037,0.17607
0.297515,-0.0525265
-0.2814,0.0569012
-0.266743,-0.0966913
0.34795,0.210679
0.0141185,0.248275
0.459274,0.0787793
0.27347,0.0597959
0.333166,-0.352724
-0.226481,0.349566
0.346394,-0.167924
-0.177625,0.0551847
-0.0571554,0.492191
-0.461186,-0.340002
-0.454335,0.356115
0.0797141,0.0468337
-0.39535,0.0292532
-0.285863,-0.138967
-0.461471,0.274005
-0.274263,0.136636
-0.144229,-0.221673
-0.050557,0.440104
-0.488972,0.427373
0.370671,-0.115179
-0.267942,-0.0232874
-0.443496,0.126127
0.0362307,0.177536
0.420727,0.400441
-0.10277,0.0704721
0.351387,0.348914
-0.307965,0.429968
0.034344,0.180021
-0.403862,-0.43401
-0.292356,0.148637
-0.152527,0.0968344
0.139169,0.139883
-0.14522,0.164179
0.148158,0.225204
-0.0409941,0.308039
-0.00686211,-0.261272
0.314911,-0.342047
0.0571716,-0.294292
-0.0921755,0.0506024
-0.151176,-0.230024
-0.102964,0.327796
-0.110267,0.188778
0.137327,0.4542
0.452911,0.211312
-0.491321,-0.195252
-0.0714063,0.0743691
-0.068222,0.125686
0.0318938,0.0453313
0.0810682,-0.469615
0.3716,0.0401454
-0.362033,-0.0881597
-0.141017,0.205991
0.0183655,0.401737
-0.420084,0.359589
-0.290736,-0.0428977
0.119087,-0.437814
-0.224994,-0.387447
-0.299038,0.0724722
-0.370193,0.273396
-0.130013,0.214185
-0.414551,-0.397875
0.330806,0.151245
0.0137987,-0.0952638
0.2587,0.185277
0.0255336,-0.0295592
-0.0475047,0.0880464
-0.0765898,-0.435014
-0.497977,0.0587003
0.386686,-0.429062
-0.0411015,0.200473
0.479853,-0.419558
-0.195983,-0.501023
-0.164147,0.216092
-0.338261,0.386495
-0.491628,0.142545
0.28835,0.0428511
0.0956061,-0.201889
0.106303,-0.0331625
-0.344618,-0.458252
-0.311932,-0.427609
-0.478378,0.313459
0.00362512,-0.16414
0.145325,-0.293078
0.117866,-0.369217
0.29145,-0.219952
0.0804275,-0.156858
-0.480567,0.434788
-0.439482,-0.469725
0.419265,-0.183747
0.410246,-0.447665
-0.170274,-0.246047
0.000482424,0.401864
0.315001,-0.318233
0.356215,0.215921
0.0263781,-0.436433
-0.0108261,0.419155
0.361315,-0.377537
0.281002,0.260566
0.0879033,-0.260202
0.077214,-0.0400944
0.158072,-0.40735
0.227694,-0.194204
-0.25147,-0.379592
0.10715,-0.414169
-0.365418,0.0882975
-0.132447,0.309804
-0.376153,-0.161165
-0.486057,0.406323
0.306806,-0.340865
-0.276624,-0.115592
0.0407873,0.424563
0.479258,-0.327718
0.147248,-0.494704
0.0345837,-0.285494
-0.285808,0.148664
0.439053,-0.398769
0.0860909,0.188903
-0.194056,-0.183319
0.0384267,0.0583594
0.366659,-0.0522147
0.188282,-0.409735
-0.409266,-0.131822
-0.272238,0.304562
0.119719,0.247309
-0.324874,-0.481885
0.40991,0.189144
0.193311,-0.0660842
-0.304853,-0.134138
-0.407257,0.0363895
-0.205089,-0.183541
-0.431022,-0.113813
-0.486094,0.0892969
0.385854,0.223543
-0.253344,0.372276
0.13336,-0.00528209
0.409748,0.183717
0.309897,-0.12383
0.349612,0.335201
0.17293,-0.472443
0.116859,0.12553
0.175436,0.457197
0.00335041,-0.413996
-0.327275,0.400055
0.290074,-0.308499
0.293199,0.45351
-0.477338,-0.191422
0.438022,0.37053
-0.339369,0.145414
-0.0858407,0.272653
-0.358708,0.0584019
0.162028,0.422492
-0.0707123,-0.481591
-0.187888,-0.462951
0.0524929,0.150539
0.0423454,-0.145083
-0.022873,-0.0610831
0.261133,-0.325139
0.157073,0.393064
-0.118684,-0.00875511
-0.236089,0.0660858
0.410804,0.269544
0.490949,-0.162894
-0.071495,-0.277756
0.228695,-0.429737
-0.00560237,-0.488567
0.0607914,-0.41731
-0.356759,-0.278965
0.379229,0.311523
-0.0583134,0.106524
-0.340032,0.469649
0.500106,-0.180217
0.419709,0.226473
-0.303242,0.12548
-0.45599,0.364232
0.00237443,0.00237184
-0.00371796,-0.00450706
0.00171426,-0.00332682
-0.00424924,0.00208696
-0.00175047,0.00123625
-0.0044894,-0.00157079
-0.000723458,0.00292434
0.00421397,0.0032199
0.000260221,-0.00191205
0.00418034,0.0037995
0.000251764,0.00452855
0.00187667,-0.00459565
0.0044499,0.00473819
0.000694157,0.000784781
-0.000930509,0.00390837
-0.00133466,-0.00464488
0.000590746,-0.00110732
-0.00314449,-0.00385887
-0.0041655,0.00403361
-0.00413404,-0.00320087
-0.00377683,-0.000255423
0.00081286,-0.00453013
0.000240214,-0.000107421
-0.000595897,0.00497771
-0.00344841,7.46516e-06
-0.00328735,0.00234177
-0.00148289,-0.00424866
-0.00380744,0.00418924
-0.00437684,-0.00307761
0.00215085,0.00220453
-0.00475821,0.00500695
0.00152098,0.00250087
-0.00483993,0.00106777
-0.00102142,-0.00494203
0.00346161,-0.00426516
-0.000346028,0.00219329
0.000415455,-0.000984085
-0.00124133,0.000246565
-0.0013772,-0.00204926
0.00268956,-0.00226926
0.000433163,0.00277524
-0.00109837,0.00301118
-0.00397086,0.0035736
0.00308721,0.0017548
0.00299494,-0.00296003
-0.00404682,0.00316352
-0.00157312,0.00359931
-0.00459686,0.00208796
-0.000857649,0.001595
0.000294011,-0.00030459
0.00191842,0.00369784
0.00417808,-0.00336922
-0.00424263,-0.00292338
-0.00206692,8.59394e-05
0.00268172,0.00389877
0.00329586,5.6005e-06
0.000387629,-0.000392755
-0.00446163,0.00107321
-0.000857011,0.00356642
-0.000198935,-0.00122923
-0.00212947,0.00422231
0.00418952,-0.00465825
-0.00136039,-0.00384562
0.00395562,-0.00439632
0.00089166,0.00118509
-0.00253873,-0.0016994
0.00138016,0.000338052
0.0019494,-0.00247025
-0.000912848,-0.0003539
-0.00248595,0.00234037
0.00483642,0.00489659
-0.000916831,0.00494972
0.00472456,0.000260899
0.00275814,-0.00385071
0.000765714,0.00212139
0.00481036,-0.00313883
-0.000618661,0.0016299
-0.00257205,-0.0016855
-0.00274706,-0.00280825
-0.000755647,-0.00265461
-0.0031733,0.00173205
0.00110789,-0.0050066
-0.0012354,-0.00216535
-0.00397607,-0.00492502
0.0015339,-0.00469641
-0.000428382,-0.00444673
-0.00408533,0.00450762
4.92244e-06,-0.00194726
-0.00226179,0.000597617
0.00387358,0.00329418
-0.00337279,-8.23159e-05
0.00218321,0.00460077
0.00224891,-0.00129535
-0.000698985,0.00365663
0.00373083,0.00484041
-0.00454072,0.00279886
-0.00106998,-0.00472638
0.00349303,0.00384562
0.000940135,0.00489881
0.00157329,0.00360886
0.00089325,-0.00232434
-0.00278542,0.00366361
-0.00421462,0.00310302
-0.00119927,-0.00262246
0.000720967,0.00223169
-0.00143053,0.00102197
0.00424571,-0.00464859
0.00162175,-0.000772031
-0.00383418,-0.000786762
-0.00462218,0.00373775
0.00111763,-0.00147987
-0.00442354,-0.00293217
-0.00353831,-0.00089945
-0.00446869,0.00155603
-0.000799702,0.00499025
0.00410049,-0.00241748
-0.00125235,-0.000371268
0.00105832,0.00496778
0.00262573,0.00487315
0.000151131,0.00398773
0.00390651,-0.00385364
-0.00380968,0.00138359
-0.00198331,0.00278947
0.00176254,-0.00402097
-0.00245394,-0.00145842
0.000538184,-0.000337311
-0.00196926,0.00470431
-0.000951131,0.00145336
-0.00165996,-0.00181509
-0.00350349,0.00129619
-0.00171969,0.00306426
0.000166358,-0.000486533
0.00113586,-0.00222077
-0.0023411,0.00179447
-0.000560113,0.00257737
-0.00127146,0.00139266
0.00461252,0.0023456
0.00451787,-0.00169468
0.00290014,-0.00396297
0.00488305,-2.83405e-06
0.00134221,0.00143988
0.00442506,-0.00106125
0.00410267,-0.00210721
0.00422864,0.000793996
0.00339013,-0.00114647
-0.00228438,-0.00017994
0.00111309,0.00389892
-0.0022606,0.00185558
0.00410968,0.00345533
-0.00351963,-0.00293227
0.00147906,-0.00057166
0.000450761,-0.00148533
-0.00455644,-0.000179639
-0.00275929,-0.00248862
-0.000580575,-0.00172942
0.00150497,0.00151608
0.00318779,-7.45894e-07
0.00292738,0.00287365
0.00182605,-0.00439196
-0.00236946,0.000347375
0.00485036,0.00255954
-0.00418806,0.00413499
0.00254767,0.00100764
0.00393523,0.000378486
0.00396956,-0.00076635
0.00208014,-0.00452436
0.00109431,0.00342964
-0.00110558,0.00285243
-0.00269795,-0.00304013
-0.00164468,-0.00185902
0.000649038,-0.000660741
0.00462546,-0.00476783
0.000134046,0.000607871
-0.000494348,0.00494385
0.00309257,-0.00287967
0.00341121,-0.000452004
-0.0038127,-0.00489759
0.00330495,0.00499351
-0.00493241,0.00410492
-0.0037933,0.00317551
0.00238418,-0.00448703
0.00390368,0.00152186
0.00283492,-0.00186859
0.000835585,-0.00300521
-0.00267023,-0.00145489
0.00459809,-0.00211581
-0.00142788,-0.000522281
-0.000273126,-0.00311565
-0.00228937,5.14038e-05
-0.00261436,-0.00392999
-0.00362731,0.0043276
0.00115775,0.000900152
-0.000842645,-0.00323922
-0.00279534,0.00286154
-0.0030401,0.00436946
-0.00125548,0.00324087
-0.00292011,-0.0035496
0.00118125,0.000512749
0.000229759,0.00286676
-0.00357848,0.0010777
0.000173735,-0.00192209
-8.81007e-05,-0.000693474
0.00126335,0.00196001
0.00328974,-9.50249e-05
0.00350122,-0.0036595
0.00194125,-0.000705777
0.00292249,0.00218803
0.00249476,0.0021444
-0.00117552,-0.00224802
0.00389684,-0.00367899
-0.00198444,0.00167158
0.00411249,0.00367062
0.00324839,0.00194676
0.000456381,-0.00445985
-0.000549259,0.00126045
0.00491427,-0.00303617
-0.00449999,-0.004724
-0.00459122,-0.00135947
0.00118994,-0.00347726
-0.000853517,0.000615639
0.00276286,0.00118485
0.00223519,0.00278336
0.0021209,0.0021532
-0.00120622,0.00160707
0.004462,0.00367005
-0.00397777,0.00261021
0.00149882,-0.0001586
-0.00251405,0.00296258
-0.00406475,-0.00363524
0.00105292,0.00130956
0.00317139,0.00317692
-0.00360895,0.00100224
0.00462992,-0.00373975
0.00369357,-0.000231094
-0.000287232,-0.000441483
-0.000714027,0.000743013
-0.000373016,0.00271756
-0.00469612,0.00364872
0.004363,0.00456744
0.00239968,0.00465372
0.00482452,-0.00437022
-0.00194875,-0.00300444
0.00135319,-0.00329896
0.00388684,-0.000507758
-0.000593789,-0.003171
0.00225524,0.00202771
-0.00326522,-0.00400204
0.00328742,0.000588357
0.00226489,-0.00423969
0.00458918,0.00356456
0.00466267,-0.00316521
0.00450793,-0.00216562
-0.00119536,0.00413831
0.0045972,0.00345379
0.000522996,-0.0028427
0.000529556,-0.00109376
0.00140008,-9.10008e-05
0.00422491,0.000396975
0.00143097,-0.00113554
0.00151041,0.00360435
-0.00173861,-0.000830064
-0.00251488,0.000272778
-0.0037593,0.00378104
0.00175125,0.00298572
-0.00209871,0.000358512
-0.00110943,0.00405817
-0.00090288,0.00075058
-0.00333375,0.00170766
0.00121564,-0.003677
-0.00359184,-0.00487408
-0.00163333,0.00277581
0.00462176,-0.00299691
0.0009212,-0.0028436
0.00152542,0.00477477
0.00274069,-0.0043477
-0.00343518,-0.00241255
0.00142319,0.00192199
-0.0032263,0.00101188
0.002508,0.000100346
0.00298428,0.00313434
-0.00140862,-0.00281902
-0.00205997,-0.00289729
0.00385369,-0.00362909
0.000281958,-0.000144695
0.000122678,0.00203869
-0.00390855,-0.00472773
0.00424858,0.0015449
-0.00089237,-0.00173419
0.00401545,-0.00356059
-0.00066404,-0.00459389
0.00489074,-0.00458381
-0.00442052,-0.0008095
0.00128965,0.00028905
-0.00285204,-0.00177959
-0.00393532,0.000933668
0.00442153,0.00488033
-0.00264856,-0.000802496
0.0021837,0.00498897
0.00388408,0.00477005
0.000504299,-0.00105043
0.00478887,0.000562176
-0.00164756,-0.000621437
0.00321935,0.000213693
0.0035009,0.00203659
-0.000462941,-0.00154296
-0.000597194,-0.00208289
-0.00429996,-0.000714412
0.00129569,-0.0046543
0.0028276,0.00351647
-0.00138561,0.0021247
-0.0048159,0.00220878
0.00239704,0.0013266
-0.00287913,0.00459185
0.00223666,-0.00440791
-0.00146146,-0.000189391
0.000718108,-0.000507113
0.00466288,0.00357719
0.00406248,0.00304343
-0.00173338,-0.00162976
-0.0026271,-0.00468397
-0.00351022,-0.000743559
-0.000331343,-0.000981998
0.000434278,-0.00207797
0.00472319,0.00462763
-0.00392236,-0.00050748
0.00422948,0.000440369
0.00313353,-0.00368787
-0.00187853,0.00138888
-0.00272376,-7.41953e-05
-0.00336882,0.0045369
0.000189512,2.4585e-05
-0.00147855,0.00295249
0.000480156,0.00271412
-0.00465355,0.00108753
-0.00399654,-0.00147189
-0.00347574,-0.00377488
0.00212389,4.9878e-05
-0.00263935,-0.00216797
-0.000295562,0.00464405
-0.00168888,-0.000378336
-0.000124621,-0.000320085
-0.00187476,0.00258061
0.00308183,0.00421215
-0.000367012,-0.00133916
-0.0026759,-0.00389715
0.00480307,-0.00324648
0.00491652,-0.00159318
-0.00481355,0.00308345
0.002899,0.00131395
0.000111624,-0.00190713
-0.000819239,-0.00295878
0.00209095,0.00108595
0.00193319,0.00270677
-0.00293575,0.00450059
0.000222441,-0.000190401
-0.00160462,0.000588075
-0.00227995,-0.00170772
-0.00468668,-0.00248852
-0.00104069,0.000151571
0.00203762,0.000160898
0.000934012,-0.00428941
0.00307129,-0.00262446
0.000218674,-0.00143052
-0.00157068,0.00160022
-0.00432797,0.000483328
-0.000202206,-0.00448959
0.00303557,0.00387401
-0.00153062,0.00163231
-0.0011872,-0.00397131
-0.000178053,-0.000869735
0.00397352,-0.000393078
0.00211477,-0.00475196
0.00457359,-0.000876388
0.00138747,-0.00272417
3.13601e-05,0.00466006
-0.00285086,0.00322714
-0.00451602,0.00268283
-0.00376417,0.00308481
-0.00245933,-0.00148244
0.0024612,-0.00233106
-0.00426502,0.00294112
0.0016302,0.00462154
0.00467041,-0.00222947
-0.00273997,-0.00127189
-0.00246057,0.0024353
0.00240135,-0.00443136
-0.000763369,0.00308892
0.00332853,-0.00227913
0.00439613,-0.00430203
-0.00252877,0.0014611
0.000792438,-0.00129515
-0.00313486,0.00218554
0.00345953,-0.00194061
0.0029127,-0.00313983
-0.00309289,-0.000711832
0.00415599,0.00066562
4.25016e-06,-0.00493792
-0.00345764,0.000917815
0.00207849,-0.00236969
0.00271489,0.00450278
-0.00368785,-4.64983e-05
0.00356549,-0.00416755
-0.00136138,0.0048658
0.00260412,0.00414225
-0.00291952,-0.00212672
-0.00459424,-0.00115972
0.00231357,-0.00220225
0.0023636,0.00350432
0.000826994,0.00375169
-0.00362614,0.000792198
-0.00247792,-0.00475446
0.0026269,-0.00270515
0.002513,0.00152671
5.97684e-05,-0.0016675
-0.00433267,0.00441722
0.000767798,-0.000434568
0.00344964,-0.00387485
0.000976816,0.0021228
-0.00135196,-0.00285638
0.00443351,-0.00398174
0.00184677,-0.000876106
0.000905919,0.00372514
-0.00146184,-0.00313849
0.000281763,-0.00308766
-0.00195232,0.000159325
-0.000737651,0.00184356
0.00160571,-0.000489621
0.00340109,0.0040016
-0.00120372,-0.00455644
-0.000661343,0.00400832
0.00295712,-0.000280868
0.00151813,0.00410909
0.00488541,-0.00129595
-0.000347702,-0.000108269
0.00283791,-0.0013691
-0.00360318,0.00259076
0.00212039,3.23723e-05
0.00386267,0.00306474
0.00100682,0.000930516
0.00194466,-0.00482504
0.00141132,-0.000705412
-0.000291858,-0.00496117
0.0026471,0.00195384
-0.000408506,0.000519324
0.00359079,0.00118838
-0.00141347,-0.000194576
-0.000663774,0.00401918
0.000919487,0.00158515
0.00414784,-0.00341309
0.00209371,0.00498293
0.0013292,-0.000530387
0.00471741,0.00229584
0.00476587,0.00194453
-0.00381922,0.000394129
0.00372277,0.00264583
-0.00433725,-0.00377087
-0.0015566,0.00231698
-0.00389322,-0.00443234
-0.00484741,-0.000477692
-0.000171772,0.00277498
-0.000690987,-0.00177656
0.00130827,0.00236978
0.00305829,0.00165194
-0.00268341,0.00158836
0.00312605,-0.000113279
0.0047665,-0.00163329
0.00364263,0.00222614
-0.0022405,-4.57932e-05
-0.00304476,-0.00175621
0.00360417,-0.00403176
0.00392774,0.00448079
0.00448069,-0.00264126
-0.00236068,-0.00115661
-0.00374921,0.00231824
-0.00499229,-0.00389386
-0.00362982,-0.00225457
-0.000560382,-0.00331303
-0.00492849,0.00421477
-0.00222494,0.00371548
0.00486929,0.00179489
0.00412945,0.00103934
0.0020021,-0.0026091
-0.00213889,-0.00182064
0.000530807,0.00291566
0.00462701,-0.00283691
0.0013366,0.00257925
-0.00203873,-0.00354427
0.00321497,0.00284665
0.00123755,-0.0039495
0.00436539,0.000714686
-0.00440221,-0.00170802
0.0022708,0.00144619
-0.00477115,0.00168496
-0.00215389,-0.000998424
-0.00192252,0.00212755
0.00226993,-0.00132254
-0.0044422,0.00240672
0.00242712,-0.00244131
-0.000232876,0.00155934
0.0034398,0.00239561
-0.00484529,0.00339802
0.000235345,-0.000994354
0.00398158,0.00356735
0.00469383,-6.5253e-06
-0.000174401,-0.000122627
-0.00311855,-0.00491477
0.000903028,0.000318509
0.00176789,0.00165201
-0.00491183,0.00394533
-0.00267231,-0.00413673
-0.000995375,0.00132994
-0.00394487,-0.00138489
-0.00281876,0.00365566
-0.0014379,0.000412996
-0.00314225,0.0016238
-0.00121595,0.00190978
-0.000299563,0.00334277
-0.00017076,-0.00402324
0.00218284,-0.0028402
0.00473357,-0.000378225
-0.00143666,0.00432494
-0.00133502,0.00250132
-0.000572949,-0.0039703
-0.00234268,-0.00231675
0.0046342,0.00141425
0.00369421,-0.000241182
-0.00174943,0.000305305
0.0036432,-0.00189305
0.000173625,0.0036762
-0.00279614,0.00291835
4.48608e-05,0.00490209
-0.00350153,0.00305534
0.00259811,0.00228628
-0.00233981,0.000218477
0.00288554,-0.00255804
0.00354111,-0.00444816
-0.00197144,0.00392622
-0.00127156,-0.00405976
-0.00012589,-0.000397895
-0.00465051,0.00312094
0.00165072,0.00167931
0.000691259,-4.34383e-05
-0.000482275,0.00066295
-0.000640206,-0.00185353
-0.00188063,0.00228671
0.00430626,0.0047846
8.55405e-05,-0.00372873
-0.000219204,0.000382356
-0.00220993,0.00416314
-0.00260782,-0.00320661
0.00360497,-0.00413155
-0.00180632,0.000484891
-0.00423783,0.00428162
-0.00391928,0.00481039
-0.000152605,-0.00323465
-0.00454373,0.00388746
0.00436093,0.00398341
0.00152919,-0.00189088
0.00103361,-0.000958288
-0.000820398,-0.00297773
-0.00208696,0.00114292
0.00384668,0.00232355
0.00438281,-3.01659e-05
0.00233666,0.00293331
-0.00146337,0.00276109
-0.00254168,-0.000866269
0.00121863,-0.00222391
-0.00296531,0.000509318
0.00432208,0.00115009
-0.00208622,0.00374958
-6.76183e-06,0.0023168
0.00315735,0.000708192
0.00431919,-0.00380865
-0.00399937,-0.00217693
0.00254773,-0.00463987
0.000608487,0.0012198
8.26672e-05,-0.00186309
-0.00207862,0.000221879
-0.00285348,-0.00314348
0.00435772,0.000637362
-0.00476699,0.00467738
-0.0010478,-0.00212938
-0.00375121,-0.000274763
0.00196903,-0.00428914
0.00224541,-0.00452286
0.000604925,-8.29948e-05
0.00163377,-0.00137893
-0.00260554,-5.0353e-05
0.00262695,0.000274385
-0.0019362,-0.00260323
0.00479943,0.000987514
-0.00107068,0.000995532
0.00349954,-0.00471761
0.00088367,0.00384148
-0.000139722,0.00032298
-0.00296847,0.00417018
-0.00421963,-0.000264921
0.00269992,-0.00128475
0.00235809,0.00295343
-0.00215115,0.000213785
0.00263698,-0.00375175
0.00326984,0.00340317
0.000527668,0.00423172
-0.00155632,0.00335901
0.00245153,-0.0022654
-0.00450856,0.00194671
-0.00127446,-0.000477405
-0.00311731,0.00472882
-0.00175259,-0.000381256
0.00329329,-0.000908619
0.00480047,-0.00365532
0.000586679,-0.00352567
-0.00276603,0.00207452
0.000128641,-0.000686966
0.00282166,-0.00410552
-0.0030125,-0.00246901
0.00314513,-0.00172563
0.00210049,-0.00384232
-0.00393499,0.00353671
-0.00070125,-0.00230225
-0.00450104,-0.00464224
-0.00245878,-0.000534353
0.00250414,0.000622722
0.000614527,-0.00252544
0.00189616,0.000693211
-0.0037798,-0.00401892
-0.00412732,-0.000695541
-0.00426993,0.00109867
0.00490477,0.000791303
-0.00282116,0.00267151
0.00050522,0.00373542
-0.00225598,0.00263224
0.00204671,-0.000195221
-0.00238339,-0.00197717
-0.00182095,-0.000478926
-0.00337772,5.23429e-05
-0.000361469,-0.00132948
-0.00274148,0.000266145
-0.00427974,-0.00435226
-0.000632667,-0.000858917
0.00239429,0.00104559
-0.000325247,0.000606618
-0.0044188,0.00418516
0.00112442,0.00211539
0.0046354,0.00389551
0.000454837,0.00437189
0.00178441,0.000643543
-0.00381972,0.000711818
-0.00155889,0.00372221
-0.00452115,0.00179003
0.00232087,-0.000543719
-0.00284032,0.00284322
0.000469145,0.00418974
0.000885476,0.000279223
-0.0023297,0.000118279
0.00404818,4.79218e-05
-7.65246e-05,0.00444722
-0.00486625,0.0033154
-0.00161068,0.00386052
0.00204987,0.000284969
-0.00172265,0.00199223
-0.00212632,-0.00346213
-0.00303116,0.00352391
0.000346361,0.00344035
0.00208453,0.00299628
0.00410891,0.00214475
-0.00232462,0.000565013
-0.000308467,0.00165073
-0.0033869,-0.00108583
-0.000985129,-0.000842964
0.00424491,0.0046415
0.00103899,-0.00297812
0.000291857,-0.00101119
0.00100251,0.00190088
-0.00289023,0.00294806
-0.000738053,-0.000644746
0.0043945,-0.00328765
-0.00222793,-0.00227914
-0.0018916,-0.000506036
0.00363915,-0.00104437
0.00410545,-0.00433468
-0.00171895,-0.00330783
-0.00236721,-0.00469774
0.00454789,-0.00313016
-0.00372692,0.00365347
-0.00140754,0.00481608
-0.00472857,-0.00363175
-0.00470747,-0.00449041
0.000301716,-0.0017337
-0.00222446,0.00451823
-0.00363288,-0.00121701
-0.00316016,0.00150073
0.0013178,-0.000684357
0.0041636,0.00292876
0.00107764,-0.00353476
-0.00383769,0.00179464
0.00398354,-0.00267591
0.00408964,-0.00393017
-0.00323013,-0.00415899
-0.000360811,0.00175049
0.00223992,0.00267359
0.00227163,0.00237242
-0.00106371,0.00389973
0.000104418,0.00316861
0.000735236,-0.00356925
0.00392974,-0.00351452
0.00186933,0.00108516
-0.00215218,-0.00149635
-0.00240009,-0.00144618
-0.00277563,0.00363872
0.00232028,-0.00150299
-0.00153814,-0.000833411
-0.00146228,-0.000685203
-0.00151287,-0.00352808
0.00355803,0.00282107
-0.00417246,-0.00463305
0.00107865,0.000983768
0.00434499,-0.00183682
0.00413061,0.00323644
-0.00407855,-4.38393e-05
-0.00317271,-0.00140743
0.00350018,-7.88827e-05
-0.00383966,-0.00473279
0.00132145,0.00238759
0.00442238,9.41064e-05
-0.0011853,0.00183566
0.00238743,-0.000532593
-0.00430979,-0.000884352
0.00330562,0.00136478
0.00382673,-0.00181499
0.000776982,0.00258275
0.000208413,0.00227734
0.00126123,-0.00221959
0.00215156,-0.0015303
-0.00472036,-0.00163985
0.00468684,-3.30882e-05
-0.00500243,-0.00117412
-0.00271823,-0.00286107
0.00187401,0.000287958
0.000168147,-0.00390008
-0.00132089,0.0036546
-0.00362074,-0.00297115
-0.00162138,0.00151514
-0.00448573,0.00419553
0.002671,0.000751962
-6.35119e-05,-0.00234126
-0.0027718,-0.00458467
0.0034144,0.00254638
0.00385141,-0.00129777
-0.000604236,1.93089e-05
0.00391313,0.00179576
0.00184201,-0.00179668
-0.00245356,0.00460502
-0.00449786,-0.000157286
-0.00488954,0.00155668
-0.00268846,0.00145277
-0.00422809,0.00212485
0.0024524,-0.00078445
0.0019769,2.16614e-05
0.000976547,-0.004922
-0.00339815,-0.00378754
0.00451798,0.00479213
-0.00326394,-0.00274269
-0.000641607,0.00495432
-0.000785069,0.00181202
0.00500057,0.00348069
-0.00337195,0.00267307
-0.0033555,0.00217926
-0.00148442,0.00230342
-0.00340184,-0.00110162
0.00324968,-0.000826792
0.00429897,-0.00356521
0.000170302,0.00108696
0.00259366,-0.00298684
-0.000777503,0.00272865
-0.00365426,0.000998733
-0.00138692,-0.00313885
0.00469914,0.00234191
-0.00125059,0.00154404
0.000987194,-0.00462897
0.0046334,0.00465515
0.00121524,0.00413802
-0.00132218,0.00266902
-0.00297537,-0.000436952
-0.00325213,0.00438147
-0.00129475,-0.00380854
-0.00469423,0.0028198
-0.00177792,-0.0012754
0.00451321,-0.00204297
-0.00478842,-0.000449924
0.0016237,0.00462777
-0.000944459,0.00196081
0.00289525,-0.00379574
-0.000532627,-0.00291548
-0.00392807,0.00361327
0.00404221,-0.00144973
-0.000242534,-0.00423275
0.00178473,0.0031206
-0.00126304,0.00382331
-0.00176282,-0.000410502
0.00474061,0.00429218
-0.00441953,0.00321602
-0.00321517,-0.00462409
0.00461077,0.00425803
-0.00415471,0.00278322
0.00273858,-0.00230994
0.00491618,-0.00431832
0.0045021,-0.00417653
-0.00307283,-0.00153729
-0.00296796,0.00431922
0.00247202,-0.000656322
0.00492822,-0.00186428
-0.0018307,-0.00448705
-0.00147691,-0.00214403
0.00146089,0.00324666
-0.000921045,0.0034859
0.00151358,-0.00386615
0.000946941,-0.00332694
0.00405308,0.00242893
-0.00496762,-0.00293234
-0.00315117,-0.000810658
-5.14695e-05,-0.00288076
-0.00436615,0.00276838
0.00204443,-0.00182929
0.000600242,0.00166469
0.00373036,-5.9197e-05
0.00176748,0.00177019
-0.000791833,-0.00362768
-0.0023397,0.00462277
0.00148537,0.00130169
-0.00408093,-0.00244776
-0.00457605,-0.00388333
0.00188429,-0.00467914
0.00342661,0.00329725
0.000411835,-7.90687e-06
0.00335516,-0.00258752
0.00188817,-0.000451017
0.00194647,0.000451305
0.00421641,0.00371254
0.00222941,0.00225231
0.00323055,-0.00130704
-0.000389532,0.00155106
0.00378575,0.00385635
-0.00114692,0.00336383
0.00188367,0.00278598
0.000284952,-0.00210403
-0.000718942,-0.00115352
0.00293961,-0.00230987
-0.000864735,0.00312295
0.000272729,-0.0023084
0.00489508,-0.00219047
0.00455876,0.00417343
-0.00284846,-0.00345061
0.00363391,0.000103693
-0.00270892,7.80142e-05
-0.00288715,-0.000221406
-0.00160262,0.000953815
-0.00300328,-0.000445138
-0.00462482,0.00224274
0.0018127,-0.00469789
0.00104653,0.000470982
-0.000977924,0.00223745
0.000719339,-0.00363118
-0.0046726,0.000314204
0.000250876,-0.00283503
-0.0047713,-0.00131285
0.00486251,-0.0019773
0.00151937,-0.00328233
-0.000240058,0.00467321
-0.00487438,-0.000826107
0.00128728,0.00336944
-0.00459895,0.000670231
0.00100569,0.00244855
0.00297794,-0.00130191
-0.00145629,0.00420723
-0.00439663,0.00360373
-0.00184317,0.00280122
0.00175241,0.00302278
0.000432892,0.0015923
0.00134929,-0.000342244
0.00499031,-7.83876e-05
-0.00163208,0.0027352
0.00236963,-0.000665637
0.00436718,8.52583e-05
0.00285655,-3.55724e-05
0.000821666,0.00472681
0.00309201,-0.00374373
0.00477636,0.00403925
-0.00412742,0.00145106
0.00296403,0.00110072
0.00101971,-0.00340803
3.75447e-05,-0.00148475
0.000801683,0.00289182
0.0047892,0.00142807
-0.00392839,0.000134166
0.000758436,0.00123561
0.00190524,0.00141697
0.00295663,-0.00267868
0.00304276,-0.00347726
0.00169209,0.00173332
-0.00299135,0.000226387
-0.00180034,-0.00158808
-0.000569582,0.00110673
-0.00461437,-0.00396534
-0.00358791,0.0021681
-0.00100907,-0.00211193
-0.000202357,-0.00391619
-0.00424341,0.000751352
3.81232e-05,-0.00420088
0.00086103,0.00269411
0.00271626,0.003862
-0.00176629,0.000749894
0.00349729,0.00386784
-0.00136565,-0.00150053
0.00428674,-0.00426411
-0.00310773,0.00117469
-5.52363e-05,0.00274793
-0.00186487,-0.00294606
0.00396156,-0.00372725
-0.00194632,0.0021244
-0.00312981,0.000823966
0.00186366,-0.000193281
-0.00404942,0.00388976
0.00224422,0.000704603
0.00118782,-0.00238324
0.00476388,-0.00370897
0.000134106,0.0046975
-0.00272973,-0.00496197
-0.00123293,-0.000197337
0.0015923,0.00207078
-7.24058e-05,-0.00246475
0.00346001,-0.00442804
-0.00180651,0.00320689
-0.000997167,0.00138504
0.00246021,0.000325994
-0.000536198,-0.00390839
0.00423093,-0.00168988
0.00120113,0.00139805
0.00319731,0.00231536
0.00418386,-0.00435646
-0.00210294,0.00421799
-0.00128779,0.000491434
0.00380348,0.00337151
-0.000433832,0.0026771
-0.00440938,-0.00493688
0.00358165,0.00180877
-0.00186446,0.00367386
0.00427254,0.00236693
0.00423661,-0.000444917
0.00316497,0.00469164
-0.00215281,-0.00356538
-0.00462535,-0.00167029
-0.00102229,-0.00228061
0.00147007,0.000947806
0.00434993,0.00474854
0.00447494,-0.0006702
0.00358417,-0.00254537
0.00310809,-0.00232494
-0.00458752,0.00205441
-0.00475039,-0.00478797
-0.000657749,0.00421074
0.0029211,-0.0037186
-0.00443205,-0.00500978
-0.00174715,-0.00265736
0.00468428,0.00421874
-0.000833767,0.00481
0.00458904,-0.00115131
0.00457631,-0.00487808
0.00436778,-0.00426113
-0.00291489,0.00360873
0.00445647,-0.000262623
0.000412823,0.00448936
-0.000239218,0.00135048
0.00321467,0.00083372
0.00150876,8.03205e-05
-0.000631587,0.00230353
-0.00252152,-0.00205671
-0.00424078,0.00313508
-0.002798,0.0029819
0.00173336,0.000548978
0.00370148,0.00379373
-0.00498713,0.00117883
-0.00107297,-0.00398361
-0.00439539,8.89484e-05
-0.000217949,0.00409373
-0.000698278,-0.00311682
0.00197738,-0.00293273
0.000550784,-0.0025382
0.00347627,0.00233103
0.00463426,-0.00264711
-0.0040091,-0.00314247
0.0049599,0.00258754
-0.00482739,-0.000765662
-0.00226585,0.0001804
0.00421793,-2.31941e-06
0.00346111,-0.00447249
0.00487177,-0.00061152
-0.00389093,-0.00154189
0.000303495,-0.00172825
0.00473916,0.0016261
0.000475204,0.0039204
-0.00317545,-0.00325396
0.00173892,0.000932859
0.00121274,0.00363033
0.00153407,-0.00207725
-0.00416053,-2.50042e-05
0.00384153,0.00321949
0.00173383,-0.00320024
-0.00411039,-0.00251499
-0.00286529,0.00237208
-0.00320759,0.00153561
0.00463821,-0.00120116
8.37198e-05,0.00234972
0.0033941,-0.00166923
-0.00258542,-0.00227578
0.000590091,-0.00500049
-0.00430816,-0.00240317
0.000899013,0.00494214
-0.00265619,-0.00223374
-0.00238635,-0.00412665
0.00135475,0.00496727
0.00415406,-0.00114283
-0.00297096,3.91442e-05
0.00465501,-0.00396248
0.000281349,-0.00228056
0.00438361,0.0036087
-0.00147143,0.000105482
0.0032486,0.000350145
-0.000160316,-0.00344443
0.00212143,-0.0035436
0.00381546,-0.00129262
-0.0017021,-0.00335023
0.00317302,-0.00150431
0.00352948,0.000511358
-0.0026944,-0.00414982
-0.000163224,-0.000654483
-0.00102393,-0.00316986
-0.00107417,0.0043129
0.00325668,0.00153004
0.00233165,-0.00159252
0.00342532,0.00191361
-0.000842414,-0.00397412
-0.00327788,0.00404144
0.00325335,-0.00371903
0.00287517,0.00412726
-0.00333879,-0.00394681
-0.00087254,0.0048589
0.0030125,0.00408844
-0.0023431,0.00212779
-0.000770445,0.0018588
0.00476288,0.00105936
0.00326281,-0.00373641
0.000839121,-0.00346225
-0.0022095,0.000198525
-0.00298951,-0.00404479
0.00307223,-0.00111664
0.000183974,-0.000837904
0.000832884,-0.000213328
-0.00461142,0.0018905
-0.00313856,-0.00437042
0.000334461,0.00269088
-0.00272128,-0.00312846
-0.00173562,0.000102106
-0.00449406,-0.00224117
0.00430097,-0.00242495
0.000450597,-0.0011118
-0.00235101,0.000810305
-0.00365944,0.00177085
0.0012271,0.000591844
-0.00153946,0.000419691
0.00323445,-0.00284006
-0.000814145,-0.00192133
0.000989084,-0.00366903
-0.00240253,0.00258345
0.0022876,0.00319915
0.00206258,0.00424733
-0.00432216,-0.00223997
0.00141783,0.00126104
-0.00308796,0.000842042
-0.000394229,-0.00270852
-0.00212195,0.00120764
0.0014952,0.00373802
-0.00460347,9.00182e-05
-0.00249555,5.46709e-05
0.00426013,-0.00367619
-0.00396847,-0.00421207
0.00163809,0.00452752
0.00377035,-0.000968792
0.00175891,-0.00189823
-0.000548354,-0.00330178
-0.00221943,0.00384225
0.00010525,-0.000733438
0.000677605,0.00275688
0.00227005,0.00130341
-0.00327206,-0.00204725
0.0043957,0.00188483
0.00369127,0.00180418
0.00307136,-0.00169592
-0.00277581,-0.00225644
0.00208109,0.00443041
0.0041114,-0.0049998
0.00490165,-0.0048008
0.0015493,-0.00148316
0.000955465,-0.00273697
-0.00110104,-0.0041264
7.12601e-05,0.00100403
-0.00186717,0.003247
0.00448324,-0.00256287
0.00427179,0.00138438
0.00289908,0.0042629
0.00207796,-0.000142485
0.00244707,-0.00165878
0.00345042,-0.000788598
0.00261488,-0.00281557
0.00364226,-0.00329852
0.00148253,-0.00336235
-0.000129278,4.31093e-05
-0.00242482,-0.00362379
0.000562434,0.000671829
0.001486,-0.00476944
-0.00496835,0.00407379
0.00102589,-0.00446297
0.00496394,-0.00151881
-0.00266276,-0.00435128
0.00171323,0.00183644
0.00396225,-0.00470535
-0.000200356,0.00168754
0.00231492,-0.00271141
0.00317914,-0.000451296
-0.00318408,-0.0023515
-0.00462068,-0.000446819
0.00175844,-0.00254238
0.00464999,-0.000457794
0.000699379,0.00262617
0.00358117,0.00140364
0.00482063,0.00101315
-0.0021984,0.00465676
-7.45513e-05,0.000421414
-0.00363321,-0.00287846
-0.00222364,-0.00139691
-0.00308922,0.000885466
-0.00452532,0.0035609
0.00116067,-0.00330998
0.00144518,-0.00377214
-0.00398705,0.000825464
0.00383529,-0.00178932
0.00485061,-0.0022551
-0.00179407,-0.00341488
0.00179575,0.00135356
0.00181395,-0.000401737
-0.00335993,-0.00282513
-0.00261072,-0.00258667
-0.000862735,0.00166181
-0.00358099,0.00168777
0.00142623,-0.000788149
0.00319293,0.00402301
0.00373015,0.00330585
-0.00149705,-0.00261173
-0.00409599,0.00414195
-0.00473327,0.00428892
-0.000190976,-0.00311956
0.000485498,-0.00403736
-0.000714935,-0.000180779
0.000365931,0.00191089
-0.000924155,-0.004706
0.00295714,0.000905424
0.00222246,0.00391935
0.00143199,0.0023108
0.00498787,-0.000813855
0.00115503,0.00177933
-0.000328502,0.00455025
-0.0018371,0.00450642
-0.00471844,0.000900025
-0.00264372,-0.0040252
-0.00451432,-0.00291059
-0.00309582,0.000306759
-0.00265611,-0.00381836
0.00487834,-0.00010424
0.000610967,0.00190571
0.001992,-0.00162669
0.00229273,-0.00180104
0.00191999,-0.00428646
-0.0025875,0.0033196
-0.00286879,0.00173169
0.0018439,-0.00016671
-0.00487116,0.0038525
0.00255342,0.00111624
0.00165342,0.000554027
-0.000673383,-0.00451546
-0.000229803,0.00477071
-0.00188901,0.000214658
0.00394839,0.000216488
0.00176075,-0.00445979
0.0049188,0.00184498
-0.00416003,-0.00136153
-5.10538e-05,-0.00125962
-0.00439578,0.00225263
-0.00215744,-0.00343906
0.00440299,-0.00155216
-0.0041167,-0.00338949
0.00242782,0.0028237
-0.00475289,-0.00228134
0.00123956,0.00493149
0.00207625,-0.00096552
-0.000496937,0.000302443
0.00399602,-0.00223525
0.000556229,0.00266502
-0.00330479,-0.00229795
-0.00146921,-0.00307561
-0.00293172,-8.58732e-05
-0.00314585,-0.00382563
-0.000337811,0.00297197
-0.00456603,-0.0016951
-0.000199802,0.00300679
0.000110389,0.000416338
0.00217078,0.00179208
-0.00304053,-0.0016819
0.000800582,-0.00370428
0.00035982,-0.00431624
0.000756897,-0.00439006
0.00269717,-0.000535401
-0.0028032,0.000947501
0.000855421,-0.00472861
0.00330797,0.000499612
-0.0019662,-0.00373306
-0.00481017,0.000823476
-0.00239853,0.00466863
0.00138079,0.00402668
-0.000840866,0.0040247
-0.000634579,-0.00131386
-0.00170956,-0.00220915
0.00242147,0.00356546
0.00217679,-0.00346539
-0.000724923,0.000270235
-0.00399633,-0.000656551
0.000790857,-0.00384264
0.00410841,0.00240973
0.00103734,0.00435703
-0.00379072,-0.0005779
0.00283669,-0.000159916
-0.00180676,0.000937605
9.95886e-05,-0.00353153
-0.00400639,-0.00314843
0.00284035,0.00195045
0.00099465,0.00253412
0.00068693,-0.000588632
0.00375215,0.00408951
0.00444962,0.00285342
0.00298869,0.00486152
0.00105884,-0.000464656
0.0048588,0.00106444
0.00188707,0.00106982
0.00318015,0.00342583
-0.00153583,0.00350021
0.00111712,0.00196831
-0.000330809,-0.00229873
0.00171612,-0.00393966
-0.00341586,-0.00277767
-0.00283891,0.00464943
-0.0033323,-0.00113527
-0.0012896,0.00423443
-0.00439863,0.00447473
-6.23708e-05,0.000922459
-0.00327556,-0.00356491
0.00225892,-0.00182719
-0.00143024,9.50339e-05
0.00383126,0.00493298
0.00415948,0.00263374
-0.00234827,0.00412456
-0.00478093,-0.00323442
-0.000288114,-0.00104051
0.00419645,-0.00437136
0.00133191,-0.00336143
-0.000281654,-0.000933105
0.00305725,-0.00384152
-0.00140498,-0.000195931
0.00210199,-0.00277532
0.00266063,-0.00224197
0.00163401,0.00196062
0.0044813,0.000527065
0.00224183,-0.000674884
-0.0045916,0.000359341
-0.00310495,-0.00324349
-0.00240022,-0.00292863
0.00115272,-0.00292678
0.000155898,0.00383291
-0.000853549,-0.00338234
0.00481871,-0.000658698
-0.00203166,-0.00234861
0.00338697,0.00220386
-0.00331706,-0.0020156
-0.000105929,-0.00297062
-0.00360603,-0.00128853
0.00145076,0.00251592
-0.00127451,0.00178261
-0.000356902,0.00133981
-0.00231033,0.00148142
-0.00272271,-0.000353121
0.000274027,0.00425802
0.00376484,0.00191352
0.0043732,-0.00219823
-0.00451256,-0.00117773
-0.0032471,-0.00262779
0.00471798,0.00252588
0.00387014,-0.000827617
-0.00319171,0.00155201
0.00190721,0.00183094
-0.000657647,0.00481603
-0.00160922,0.00464783
-0.00086112,0.002982
-0.00245019,-0.00246504
0.00156636,-0.00126192
-0.00484726,-0.00260305
-0.00227808,0.00404264
-0.00435254,0.00301017
-0.00299319,-0.00222499
-0.00353335,-0.00209929
0.00189669,-0.00331135
-0.000922905,-0.000336972
-0.00109333,0.00079631
-0.00114174,0.000230468
0.00380849,0.00152382
-0.00474391,-0.0026555
0.0049905,-0.00109536
0.00354857,0.0024973
-0.00419453,-0.00226568
0.0027136,0.00367446
0.00292432,-0.00287889
0.00127434,0.00387015
-0.00278692,-0.00321717
0.00397362,-0.00398476
0.00114853,0.00405032
-0.00203627,0.00171423
0.000168734,0.00212612
-0.00133474,-9.82331e-05
-0.000285006,0.00191088
0.00192106,0.00325477
0.00173927,0.000800007
0.00161953,0.0018528
0.00341214,0.000381123
0.00372596,-0.00481519
-0.00129339,0.00129012
-0.00221269,-0.00195342
0.00187024,0.00106749
0.00343903,-0.00423328
-0.00265989,0.00250526
-0.0030198,-0.0029853
0.000812602,-0.000723515
0.00144752,0.00497052
0.0039178,-0.000203292
0.00495166,0.00379543
0.00225835,-0.00268741
-0.00142603,0.00413266
-0.000949529,0.00330515
-0.00271221,0.00380815
-0.00174069,0.000639235
-0.00499538,0.00344344
0.00182421,0.00380695
0.00427544,0.00227773
-0.000163426,0.00443886
-0.000706999,-0.00402826
0.00463904,-0.00467752
0.00238662,0.00224694
-0.00368276,0.00244164
-0.00387139,-0.00254186
-0.00297219,0.000843952
-0.00406584,-0.00304638
0.00447622,-0.00483084
-0.00259641,-0.00170597
0.00291647,-0.00370303
-0.00398,-0.00336659
0.000479405,-0.00113573
-0.00435964,0.00262049
-0.00371874,-0.00381583
-0.00119926,0.00419614
0.00100169,-0.000260175
0.00324125,0.00105015
0.00315752,-0.00380884
-0.00155577,0.00173267
-0.00327496,0.00238015
-0.00218151,-0.00149215
0.00060302,0.00430058
-7.41776e-05,-0.000477202
0.00110533,0.0049665
-0.00214431,0.00193902
0.00221313,-6.91788e-05
-0.000299625,0.00375948
0.0020107,-0.000642767
-0.000637102,0.00228753
-0.000263072,0.00159268
-0.00119145,-0.00387547
-0.00450175,0.00399339
0.00320257,-0.00250816
0.00493499,-0.00363434
0.000839026,0.000453595
-0.00124874,-0.00473112
-0.00165364,0.00238515
-0.00171697,0.00300179
0.00214891,-0.00269952
-0.00463864,0.00108091
-0.00397335,0.00479735
-0.00052525,0.00336126
0.00225467,0.00164591
-0.00285144,9.14791e-05
0.00311066,0.0043284
-0.00442199,0.000542744
-0.00478101,0.00306806
-0.000279864,0.00153054
-0.00206631,0.00440109
-0.00463478,-0.0018291
-0.00212217,0.00469094
-0.000287266,-0.00144033
0.0040019,0.000363281
0.000887,0.00205216
-0.00294852,-0.00333862
-0.00288857,-0.00336684
-0.0044556,0.0034001
-0.00191781,0.00396233
0.00164267,-0.00465558
-0.0041765,0.00300009
0.00395442,0.00289587
-0.00240591,0.00476777
0.00194931,-0.00146808
0.0033992,-0.00264915
0.00413624,-0.00417515
0.00343316,-0.00227972
-0.00433402,0.000581463
-0.00226218,0.00149841
0.00494882,-0.00208492
-0.000404112,0.000861422
-0.00473311,0.00293873
0.00304057,0.00160762
-0.00196071,-0.0047537
-0.00429438,-0.00275563
-0.000985444,-0.00395693
0.000298811,0.00204986
-0.00170206,0.00312277
0.00256173,-0.00329321
0.00483387,0.00101333
-0.00360051,-0.00129065
0.00275312,-0.00475697
0.00389789,0.00372751
0.00210295,-0.00253654
-0.00270756,0.00334109
-0.00300961,-0.00208339
-0.00384868,-0.00152424
0.00489904,-0.00372598
0.00359545,-0.00405859
0.00351137,0.00435344
-0.00391169,-0.00322208
0.00373711,0.00151867
-0.00199949,-0.0022634
-0.00155587,0.00265263
-0.00475263,-8.19967e-06
0.00353273,0.00421554
6.49043e-05,0.00254158
0.00344597,-0.00482074
0.00314696,-0.00273607
0.00203673,-0.0028005
-0.0025843,0.00062124
0.00457429,0.00271248
0.00341381,0.00336942
-0.00486266,-0.00423028
-0.00369102,0.00411145
-0.00322327,0.00291564
0.00405594,-0.00413524
0.00171045,0.00300165
-0.00443109,0.000283463
0.00268276,-0.00214609
0.00241125,0.00196131
0.00381648,-0.00492065
0.0013176,0.00488963
0.00443004,0.000301302
0.00174407,-0.00341739
0.00307927,0.00239929
0.00303115,-0.000492238
-0.000386811,0.000249973
0.00076293,0.00364659
-0.00253591,0.00332606
-0.00191837,0.00100975
0.00124755,-0.00286625
-0.0046768,-0.000822057
-0.00493853,0.00262939
3.48114e-05,0.00362226
-0.00252721,0.00412054
-0.00380711,-0.00223944
-0.0031103,0.0026338
0.00394052,0.0023673
0.00343939,-0.000171818
0.00353848,0.000666378
-0.00392849,-0.000600926
-0.00391868,-0.00475575
0.00477583,0.00253388
0.00472304,0.0028334
-0.00444636,0.000430059
0.00105072,-0.00241038
0.000212314,0.00443424
0.00451115,0.000980744
0.00213647,0.00472923
0.000725638,-0.00399183
-0.000619818,0.00148732
0.00188496,-0.000601438
-0.00100977,0.00340009
-0.000796308,-0.00231127
-0.000432508,0.00469867
0.00181673,0.00385889
0.000153474,-0.0021548
0.0040023,0.00475533
0.00060032,-0.00398423
0.0048672,0.000853487
-0.0048639,-0.00167713
-0.00488737,-0.00131159
-0.00269056,-0.00175047
0.00201737,-0.00281901
-0.00129726,-0.00227695
-0.000671247,0.00376124
-0.00411774,0.00208638
0.0035938,-0.000839545
-0.00137895,0.00342252
0.00458005,0.00349482
0.000191121,0.00402212
0.0029462,0.00126373
0.00237065,0.0009589
-0.00125234,0.00376273
0.00397014,0.00168003
0.00496098,-0.00349267
-0.00353257,0.00364227
0.00186003,0.00260466
0.00501047,-0.000274859
-0.00464746,0.00467176
0.00217033,-0.000187423
-0.00190351,0.00349399
-0.00141064,0.00238686
0.0030218,0.00217912
0.000829412,0.00172638
0.000666152,0.000868567
-0.00397752,0.00136521
-0.00399297,-0.00158047
0.0040196,0.00227258
0.00243987,-0.00324269
0.000732647,-0.00194872
-0.000493915,0.0044208
-0.00437859,0.0038857
0.00403297,-0.00380763
-0.000808546,-0.000931078
0.0041527,-0.00381164
0.00146895,0.000318538
0.00238412,0.000171956
0.000658805,0.000314026
0.00396374,-0.00262389
0.00377131,0.00051648
0.00426178,0.00432462
-0.00405345,-0.000544054
-0.00103475,-0.00143042
0.000238492,-0.00289894
-0.00433087,0.00152609
0.00075219,0.000484847
0.00230955,0.0007506
0.00224247,0.00119491
0.00498282,0.00131048
-0.0018908,0.000634723
0.00209942,0.00199527
0.00327197,-0.000580137
-0.000678447,0.00103683
0.00221433,0.00482558
0.00188249,0.00259137
0.000476163,-0.00110996
-0.00186679,-0.00136593
0.000450148,-0.00371452
0.000120486,-0.00136171
-0.00137045,0.00083707
0.00244077,0.00113125
0.00255086,0.00178306
-0.00452783,-0.00293308
-0.00131283,0.00114545
0.00332988,-0.00129239
0.00232153,0.00384953
-0.00439458,-0.00345719
-0.000266264,-0.00138456
-0.00205588,0.00279527
0.000298057,0.00208668
-0.0042577,-0.000198578
-0.000561365,0.00456012
-0.0036327,0.00369851
-0.00124712,0.000798096
-0.00393634,0.00277441
-0.00214555,4.64957e-05
-0.00163037,-0.000880152
-0.00200232,-0.00185421
0.0032535,-0.00122296
0.00180109,-0.000203062
-0.000910378,-0.00212038
-0.00243102,-0.00457357
-0.000972167,0.00321739
-0.000984809,0.00489258
-5.64589e-05,0.000411536
-0.000948918,0.00363649
-0.00466362,-0.00489151
-0.00379114,-0.00448022
0.00284876,-0.0040332
0.00476099,0.00149052
-0.00440703,-0.0047298
-0.00436794,0.00059166
-0.00489294,0.00424488
0.000858951,-0.00380808
-0.00323201,0.00358866
-0.00185751,0.00367672
-0.0016099,0.00241773
-0.00346932,0.000387687
0.00405733,-0.0034025
-0.00230931,-0.000398446
0.00422723,0.00345636
0.000916946,0.00293281
-0.00498101,-0.00483742
0.0033937,0.0017511
0.000991293,-0.000691008
0.00325346,0.00385125
-0.00348413,-0.000380079
-0.00371182,-0.000347609
-0.000766107,-0.00454507
0.00141394,0.000626905
0.00173572,-0.00223017
-0.000423537,0.000441263
-7.95991e-05,0.00176602
-0.00333663,0.00462123
0.00435156,0.001326
0.00146324,-0.00327617
-0.00141578,-0.00164985
-0.000193802,-0.00485996
-0.00496788,0.000451626
-0.00422002,-0.00041444
-0.00323138,0.00154369
-0.00194129,-0.000303415
-0.00493059,-0.00115639
-0.00324866,-0.00209074
0.00125139,0.000724335
0.00457596,-0.00318271
0.00287193,-0.00336308
0.00455652,-0.00404454
-0.00484555,0.00359448
-0.00324066,-0.0020652
0.00285196,-0.00159375
-0.000407842,0.00460966
0.00363702,-0.00228503
-0.00481554,0.00320603
0.00263125,-0.00482588
-0.00239681,0.00239719
0.00121034,-0.000546082
-0.00035397,-0.00324448
0.00277169,0.00315576
-0.00422878,-0.00389348
-0.00293647,0.00212661
-0.002986,-0.00386959
-0.00118642,-0.003942
-0.0042933,0.00178161
0.00250977,-0.000417618
-0.00434132,0.00415904
-0.00370936,-0.00300051
-0.00315418,0.00222199
-0.00425592,0.00436399
-0.00180447,-0.00366177
0.00367255,-0.00338689
0.00380573,-0.000836785
0.00427719,-0.00324651
-0.00404095,0.0012393
-0.00401329,-0.00456314
0.00207658,0.00439586
0.00108675,-0.00364327
-0.00118144,-0.00309674
0.00156158,0.00170887
-0.00125997,0.00185825
-0.00473067,-0.00125293
0.00378771,0.000553421
0.000608103,-0.00263616
-0.00416865,-0.00379692
-0.00173875,-0.00387224
0.00398583,0.000624428
-0.00293213,0.00367334
0.00470517,-0.00162904
0.00361804,-0.000260165
0.00207963,0.00359159
-0.00228343,0.0017065
0.00140774,-0.000459915
0.00421436,-0.00206289
-0.00135275,0.000359006
-0.00298842,0.00390673
-0.00440107,-0.00367981
0.000478583,-0.000977264
-0.00470197,0.00131652
-0.000896147,1.36491e-05
-0.000464271,0.00418273
-0.00238063,-0.00286274
0.00345555,0.000798809
0.000919556,0.000537259
-0.0032294,-0.00340541
-0.00140605,0.00279347
0.00197411,0.00401678
0.000117749,-0.00449277
0.00471469,0.000562407
0.00346872,-0.00228699
-0.00426203,0.0039545
0.00208108,0.00494502
0.00360102,-0.00269133
0.00168044,-0.00365012
-0.00363133,0.00314691
-0.00476144,-0.00351165
0.00407112,-0.00123989
0.00207784,-0.00203967
-0.00156022,-0.0036225
-0.00463592,0.000999092
-0.00396832,-0.00118437
0.000665018,-0.00458252
0.00443636,-0.0017721
8.23422e-05,0.0026862
-0.00385904,0.00473471
0.00157844,0.00363991
0.002163,0.00139807
-0.00277236,-0.000812897
-0.00271383,0.00301548
-0.00354608,-0.0011248
-0.00203736,0.00464531
-0.00456091,0.00484949
0.000598221,-0.000310567
-0.000913311,-0.00308543
-0.00249474,-0.00152131
0.004547,-0.00166423
-0.00242199,-0.00138025
0.00425036,-0.00307575
0.00191095,-0.00268938
0.00451214,-0.00299114
0.00323676,0.00279605
0.00222551,0.00480896
-0.00272102,-0.00322843
0.00139821,-0.000369144
-0.00149304,0.000374548
0.00279967,0.00214228
0.00497395,0.00411816
-0.00267725,0.0029569
-0.00157203,-0.00441581
-0.00424192,0.00104673
0.00434982,-0.00433116
0.000978849,-0.00196621
-0.00269047,0.00417829
-0.00448243,-0.00437575
-0.000510859,-0.00406109
-0.00467937,-0.00426655
0.000118583,0.000584588
0.00366153,0.0035532
0.00298263,0.00233802
-0.000240727,0.0018268
-0.00439458,0.00393618
0.00275674,-0.00479441
0.00136013,-0.00300867
-0.00244143,0.00460313
0.0040541,0.00448145
0.00432201,0.00391422
-0.00122071,0.000185084
0.0040599,0.00186644
0.00115833,-0.00417907
0.000321366,0.00372085
0.00478462,-0.00276091
0.000668797,-0.00389582
0.00394007,-0.00285653
-0.00141175,-0.00395258
0.00294671,0.000570443
-0.00198446,-0.0040849
-0.00458046,-0.00486523
0.00283047,0.0025416
-0.000673916,-0.000420817
-0.00214271,0.000544625
0.000743917,0.00259508
0.00194743,-0.00451582
-0.00165294,-0.00307262
0.00394941,0.00104163
-0.00422349,-0.0024594
-0.000474386,-4.64748e-05
0.00143456,-0.00472418
-0.00495707,0.000583964
-0.00164252,0.00443889
-0.00206105,-0.00461407
0.0045604,-0.000659053
-0.000703308,-0.0030718
-0.00389778,0.00480935
-0.00382859,-0.00433502
0.00146966,0.0020922
-0.00100318,0.00457186
0.00185125,-0.00320297
-0.00293785,-0.00489454
-0.000253582,-0.00165171
0.00405985,-0.00182193
-0.00361501,0.00376235
-0.00456812,0.00285855
-0.00216247,-0.00286384
-0.00161813,-0.00338192
0.0010102,-0.00128105
0.00402933,0.00241548
0.00425266,0.00469554
0.00232306,-0.00386117
0.000403172,0.000669704
-0.00076619,-0.00240867
-0.00229768,0.00454702
0.00457351,-0.00190491
-0.0011025,-0.00501175
-0.00302414,-0.00232231
-0.00224157,-0.00402682
-0.000894397,-0.0037623
0.00156693,0.00195277
-0.000191457,0.000939809
-8.0083e-05,0.00306317
0.00471796,-0.00410843
0.000963512,0.00390677
-0.00331279,0.00422638
-7.31779e-05,0.000996488
-0.00379893,-0.00311636
0.00230424,-1.9363e-05
0.000805958,0.00317708
0.00292629,0.00181326
-0.00473212,0.00449035
0.00294339,0.00181911
-0.00447952,-0.000969467
-0.00476094,0.00244361
0.000803075,0.00415369
-0.00222876,-0.00346359
0.000406893,-0.00345377
0.000313668,-0.00498477
0.0037017,-0.000372369
2.17577e-05,-0.0027552
-0.00235433,-0.000975766
-0.00335199,0.00297716
0.00336064,-0.00241734
-0.00164466,-0.00347253
-0.000844229,-0.00145765
-0.00280411,0.00344935
0.00166047,-0.00189733
-6.73979e-05,-0.00432616
-0.00476009,-0.00109821
0.00393592,-0.00149417
-0.00120372,-0.00475951
-0.00161693,0.00266885
-0.00270638,0.00372519
0.00239105,0.00329481
0.00328922,0.00221113
-0.00460166,0.000779601
-0.00306501,-0.00174045
-0.00165008,-0.0045817
-0.00447782,0.000544512
-0.00114582,-0.00208308
-0.00243283,-0.00117004
-0.00364938,0.00367002
-0.000789046,-0.000474555
0.00317098,-0.00491598
0.0035516,-0.00116721
-0.00202312,0.00353877
0.000534964,0.000837297
-0.00122399,0.0038011
0.00272222,0.00309564
0.000336826,-0.00144667
-0.00367102,-0.000485068
-0.00485439,0.00223452
0.00437388,-0.00317771
-0.00366779,0.00238663
0.00228293,-0.00340144
-0.00115363,-0.000572419
-0.00159205,0.00146841
-0.00318756,-0.00260206
0.003535,-0.000603547
-0.00342969,0.00328144
-0.00277695,-0.00443868
-0.00213489,-0.00342873
0.00463438,-0.00218454
-0.00409037,0.0017607
0.00297515,-0.000525265
-0.002814,0.000569012
-0.00266743,-0.000966913
0.0034795,0.00210679
0.000141185,0.00248275
0.00459274,0.000787793
0.0027347,0.000597959
0.00333166,-0.00352724
-0.00226481,0.00349566
0.00346394,-0.00167924
-0.00177625,0.000551847
-0.000571554,0.00492191
-0.00461186,-0.00340002
-0.00454335,0.00356115
0.000797141,0.000468337
-0.0039535,0.000292532
-0.00285863,-0.00138967
-0.00461471,0.00274005
-0.00274263,0.00136636
-0.00144229,-0.00221673
-0.00050557,0.00440104
-0.00488972,0.00427373
0.00370671,-0.00115179
-0.00267942,-0.000232874
-0.00443496,0.00126127
0.000362307,0.00177536
0.00420727,0.00400441
-0.0010277,0.000704721
0.00351387,0.00348914
-0.00307965,0.00429968
0.00034344,0.00180021
-0.00403862,-0.0043401
-0.00292356,0.00148637
-0.00152527,0.000968344
0.00139169,0.00139883
-0.0014522,0.00164179
0.00148158,0.00225204
-0.000409941,0.00308039
-6.86211e-05,-0.00261272
0.00314911,-0.00342047
0.000571716,-0.00294292
-0.000921755,0.000506024
-0.00151176,-0.00230024
-0.00102964,0.00327796
-0.00110267,0.00188778
0.00137327,0.004542
0.00452911,0.00211312
-0.00491321,-0.00195252
-0.000714063,0.000743691
-0.00068222,0.00125686
0.000318938,0.000453313
0.000810682,-0.00469615
0.003716,0.000401454
-0.00362033,-0.000881597
-0.00141017,0.00205991
0.000183655,0.00401737
-0.00420084,0.00359589
-0.00290736,-0.000428977
0.00119087,-0.00437814
-0.00224994,-0.00387447
-0.00299038,0.000724722
-0.00370193,0.00273396
-0.00130013,0.00214185
-0.00414551,-0.00397875
0.00330806,0.00151245
0.000137987,-0.000952638
0.002587,0.00185277
0.000255336,-0.000295592
-0.000475047,0.000880464
-0.000765898,-0.00435014
-0.00497977,0.000587003
0.00386686,-0.00429062
-0.000411015,0.00200473
0.00479853,-0.00419558
-0.00195983,-0.00501023
-0.00164147,0.00216092
-0.00338261,0.00386495
-0.00491628,0.00142545
0.0028835,0.000428511
0.000956061,-0.00201889
0.00106303,-0.000331625
-0.00344618,-0.00458252
-0.00311932,-0.00427609
-0.00478378,0.00313459
3.62512e-05,-0.0016414
0.00145325,-0.00293078
0.00117866,-0.00369217
0.0029145,-0.00219952
0.000804275,-0.00156858
-0.00480567,0.00434788
-0.00439482,-0.00469725
0.00419265,-0.00183747
0.00410246,-0.00447665
-0.00170274,-0.00246047
4.82424e-06,0.00401864
0.00315001,-0.00318233
0.00356215,0.00215921
0.000263781,-0.00436433
-0.000108261,0.00419155
0.00361315,-0.00377537
0.00281002,0.00260566
0.000879033,-0.00260202
0.00077214,-0.000400944
0.00158072,-0.0040735
0.00227694,-0.00194204
-0.0025147,-0.00379592
0.0010715,-0.00414169
-0.00365418,0.000882975
-0.00132447,0.00309804
-0.00376153,-0.00161165
-0.00486057,0.00406323
0.00306806,-0.00340865
-0.00276624,-0.00115592
0.000407873,0.00424563
0.00479258,-0.00327718
0.00147248,-0.00494704
0.000345837,-0.00285494
-0.00285808,0.00148664
0.00439053,-0.00398769
0.000860909,0.00188903
-0.00194056,-0.00183319
0.000384267,0.000583594
0.00366659,-0.000522147
0.00188282,-0.00409735
-0.00409266,-0.00131822
-0.00272238,0.00304562
0.00119719,0.00247309
-0.00324874,-0.00481885
0.0040991,0.00189144
0.00193311,-0.000660842
-0.00304853,-0.00134138
-0.00407257,0.000363895
-0.00205089,-0.00183541
-0.00431022,-0.00113813
-0.00486094,0.000892969
0.00385854,0.00223543
-0.00253344,0.00372276
0.0013336,-5.28209e-05
0.00409748,0.00183717
0.00309897,-0.0012383
0.00349612,0.00335201
0.0017293,-0.00472443
0.00116859,0.0012553
0.00175436,0.00457197
3.35041e-05,-0.00413996
-0.00327275,0.00400055
0.00290074,-0.00308499
0.00293199,0.0045351
-0.00477338,-0.00191422
0.00438022,0.0037053
-0.00339369,0.00145414
-0.000858407,0.00272653
-0.00358708,0.000584019
0.00162028,0.00422492
-0.000707123,-0.00481591
-0.00187888,-0.00462951
0.000524929,0.00150539
0.000423454,-0.00145083
-0.00022873,-0.000610831
0.00261133,-0.00325139
0.00157073,0.00393064
-0.00118684,-8.75511e-05
-0.00236089,0.000660858
0.00410804,0.00269544
0.00490949,-0.00162894
-0.00071495,-0.00277756
0.00228695,-0.00429737
-5.60237e-05,-0.00488567
0.000607914,-0.0041731
-0.00356759,-0.00278965
0.00379229,0.00311523
-0.000583134,0.00106524
-0.00340032,0.00469649
0.00500106,-0.00180217
0.00419709,0.00226473
-0.00303242,0.0012548
-0.0045599,0.00364232
